,image_name,image_label,feat_0,feat_1,feat_2,feat_3,feat_4,feat_5,feat_6,feat_7,feat_8,feat_9,feat_10,feat_11,feat_12,feat_13,feat_14,feat_15,feat_16,feat_17,feat_18,feat_19,feat_20,feat_21,feat_22,feat_23,feat_24,feat_25,feat_26,feat_27,feat_28,feat_29,feat_30,feat_31,feat_32,feat_33,feat_34,feat_35,feat_36,feat_37,feat_38,feat_39,feat_40,feat_41,feat_42,feat_43,feat_44,feat_45,feat_46,feat_47,feat_48,feat_49,feat_50,feat_51,feat_52,feat_53,feat_54,feat_55,feat_56,feat_57,feat_58,feat_59,feat_60,feat_61,feat_62,feat_63
0,BRACS_1235_N_12,0,0.0,0.0,0.0,0.0,0.17622875,0.0,0.0,0.0,0.0,4.5022855,0.0,3.0883718,0.0,0.0,0.0,0.0,0.0,0.0,0.0,0.0,0.0,0.0,0.0,0.0,0.0,0.0,0.6617329,0.0,0.0,0.0,0.0,0.0,0.0,0.0,0.0,0.0,0.0,0.0,0.0,0.0,0.0,0.28451705,0.0,0.0,0.23306605,0.0,0.0,0.3467597,0.0,0.03970779,0.0,0.0,0.0,0.0,0.0,0.0,0.0,4.2979884,0.0,0.0,0.0,0.0,0.0,0.0
1,BRACS_1591_N_6,0,0.0,0.0,0.0,0.0,0.7954602,0.0,0.0,0.0,0.0,12.3502245,0.0,8.239223,0.0,0.0,0.0,0.0,0.0,0.0,0.0,0.0,0.0,0.03126101,0.0,0.0,0.0,0.0,2.7880397,0.0,0.0,0.0,0.0,0.0,0.0,0.0,0.0,0.0,0.0,0.0,0.0,0.0,0.0,0.5512229,0.0,0.0,0.5339416,0.0,0.0,1.7483622,0.0,0.10592098,0.0,0.0,0.0,0.0,0.0,0.0,0.0,11.132098,0.0,0.0,0.0,0.0,0.0,0.0
2,BRACS_1594_N_5,0,0.0,0.0,0.0,0.0,0.0,0.0,0.0,0.0,0.0,1.7082534,0.0,1.1931404,0.0,0.0,0.0,0.0,0.0,0.0,0.0,0.0,0.0,0.0,0.0,0.0,0.0,0.0,0.010729045,0.0,0.0,0.0,0.0,0.0,0.0,0.0,0.0,0.0,0.0,0.0,0.0,0.0,0.0,0.13165185,0.0,0.005415082,0.1162785,0.0,0.0,0.021356046,0.0,0.017466402,0.0,0.0,0.0,0.0,0.0,0.0,0.0,1.6474736,0.0,0.0,0.0,0.0,0.0,0.0
3,BRACS_300_N_6,0,0.0,0.0,0.0,0.0,0.21688093,0.0,0.0,0.0,0.0,4.978572,0.0,3.3750043,0.0,0.0,0.0,0.0,0.0,0.0,0.0,0.0,0.0,0.011774266,0.0,0.0,0.0,0.0,0.939865,0.0,0.0,0.0,0.0,0.0,0.0,0.0,0.0,0.0,0.0,0.0,0.0,0.0,0.0,0.2501884,0.0,0.0,0.23592752,0.0,0.0,0.59118366,0.0,0.04295058,0.0,0.0,0.0,0.0,0.0,0.0,0.0,4.535074,0.0,0.0,0.0,0.0,0.0,0.0
4,BRACS_760_N_2,0,0.0,0.0,0.0,0.0,0.7144829,0.0,0.0,0.0,0.0,10.896003,0.0,7.351397,0.0,0.0,0.0,0.0,0.0,0.0,0.0,0.0,0.0,0.0010423786,0.0,0.0,0.0,0.0,2.1649137,0.0,0.0,0.0,0.0,0.0,0.0,0.0,0.0,0.0,0.0,0.0,0.0,0.0,0.0,0.60188293,0.0,0.0,0.5039781,0.0,0.0,1.1823637,0.0,0.094181195,0.0,0.0,0.0,0.0,0.0,0.0,0.0,10.221092,0.0,0.0,0.0,0.0,0.0,0.0
5,BRACS_1904_N_4,0,0.0,0.0,0.0,0.0,0.32441163,0.0,0.0,0.0,0.0,6.050084,0.0,4.1366754,0.0,0.0,0.0,0.0,0.0,0.0,0.0,0.0,0.0,0.0,0.0,0.0,0.0,0.0,1.0287099,0.0,0.0,0.0,0.0,0.0,0.0,0.0,0.0,0.0,0.0,0.0,0.0,0.0,0.0,0.36959654,0.0,0.0,0.2986303,0.0,0.0,0.5335822,0.0,0.052446205,0.0,0.0,0.0,0.0,0.0,0.0,0.0,5.7637944,0.0,0.0,0.0,0.0,0.0,0.0
6,BRACS_1865_N_6,0,0.0,0.0,0.0,0.0,0.026810363,0.0,0.0,0.0,0.0,2.926363,0.0,1.9983271,0.0,0.0,0.0,0.0,0.0,0.0,0.0,0.0,0.0,0.007668952,0.0,0.0,0.0,0.0,0.41262993,0.0,0.0,0.0,0.0,0.0,0.0,0.0,0.0,0.0,0.0,0.0,0.0,0.0,0.0,0.15751195,0.0,0.0,0.15267299,0.0,0.0,0.27952325,0.0,0.025698384,0.0,0.0,0.0,0.0,0.0,0.0,0.0,2.6578465,0.0,0.0,0.0,0.0,0.0,0.0
7,BRACS_1584_N_2,0,0.0,0.0,0.0,0.0,0.0,0.0,0.0,0.0,0.0,1.3504376,0.0,0.96425086,0.0,0.0,0.0,0.0,0.0,0.0,0.0,0.0,0.0,0.0,0.0,0.0,0.0,0.004008651,0.0,0.0,0.0,0.0,0.0,0.0,0.0,0.0,0.0,0.0,0.0,0.0,0.0,0.0,0.0,0.114560984,0.0,0.06421524,0.09800198,0.0,0.0,0.0,0.0,0.0135516655,0.0,0.0,0.0,0.0,0.0,0.0,0.0,1.3056303,0.0,0.0,0.0,0.0,0.0,0.0
8,BRACS_297_N_20,0,0.0,0.0,0.0,0.0,2.616727,0.0,0.0,0.0,0.0,35.243713,0.0,23.246616,0.0,0.0,0.0,0.0,0.0,0.0,0.0,0.0,0.0,0.09918603,0.0,0.0,0.0,0.0,8.70138,0.0,0.0,0.0,0.0,0.0,0.0,0.0,0.0,0.0,0.0,0.0,0.0,0.0,0.0,1.4520829,0.0,0.0,1.4616992,0.0,0.0,5.4040847,0.0,0.30391717,0.0,0.0,0.0,0.0,0.0,0.0,0.0,31.536753,0.0,0.0,0.0,0.0,0.0,0.0
9,BRACS_1593_N_4,0,0.0,0.0,0.0,0.0,0.25308526,0.0,0.0,0.0,0.0,5.182638,0.0,3.5528347,0.0,0.0,0.0,0.0,0.0,0.0,0.0,0.0,0.0,0.0,0.0,0.0,0.0,0.0,0.84345186,0.0,0.0,0.0,0.0,0.0,0.0,0.0,0.0,0.0,0.0,0.0,0.0,0.0,0.0,0.3208844,0.0,0.0,0.2612818,0.0,0.0,0.43502375,0.0,0.04518409,0.0,0.0,0.0,0.0,0.0,0.0,0.0,4.9443145,0.0,0.0,0.0,0.0,0.0,0.0
10,BRACS_1857_N_5,0,0.0,0.0,0.0,0.0,0.528859,0.0,0.0,0.0,0.0,8.2365,0.0,5.623037,0.0,0.0,0.0,0.0,0.0,0.0,0.0,0.0,0.0,0.0,0.0,0.0,0.0,0.0,1.4854941,0.0,0.0,0.0,0.0,0.0,0.0,0.0,0.0,0.0,0.0,0.0,0.0,0.0,0.0,0.50749844,0.0,0.0,0.39808282,0.0,0.0,0.73675597,0.0,0.07103525,0.0,0.0,0.0,0.0,0.0,0.0,0.0,7.9016643,0.0,0.0,0.0,0.0,0.0,0.0
11,BRACS_280_N_10,0,0.0,0.0,0.0,0.0,0.7899451,0.0,0.0,0.0,0.0,12.08922,0.0,8.074124,0.0,0.0,0.0,0.0,0.0,0.0,0.0,0.0,0.0,0.030660989,0.0,0.0,0.0,0.0,2.7372634,0.0,0.0,0.0,0.0,0.0,0.0,0.0,0.0,0.0,0.0,0.0,0.0,0.0,0.0,0.54133433,0.0,0.0,0.5230754,0.0,0.0,1.7124958,0.0,0.103625044,0.0,0.0,0.0,0.0,0.0,0.0,0.0,10.907628,0.0,0.0,0.0,0.0,0.0,0.0
12,BRACS_734_N_67,0,0.0,0.0,0.0,0.0,0.1605203,0.0,0.0,0.0,0.0,4.1959987,0.0,2.8763778,0.0,0.0,0.0,0.0,0.0,0.0,0.0,0.0,0.0,0.0014159638,0.0,0.0,0.0,0.0,0.66039205,0.0,0.0,0.0,0.0,0.0,0.0,0.0,0.0,0.0,0.0,0.0,0.0,0.0,0.0,0.2507341,0.0,0.0,0.21315019,0.0,0.0,0.37011608,0.0,0.036484864,0.0,0.0,0.0,0.0,0.0,0.0,0.0,3.9465177,0.0,0.0,0.0,0.0,0.0,0.0
13,BRACS_1945_N_4,0,0.0,0.0,0.0,0.0,0.1400827,0.0,0.0,0.0,0.0,4.1352654,0.0,2.8447793,0.0,0.0,0.0,0.0,0.0,0.0,0.0,0.0,0.0,0.0,0.0,0.0,0.0,0.0,0.5832294,0.0,0.0,0.0,0.0,0.0,0.0,0.0,0.0,0.0,0.0,0.0,0.0,0.0,0.0,0.26444185,0.0,0.0,0.21493752,0.0,0.0,0.30690458,0.0,0.03600328,0.0,0.0,0.0,0.0,0.0,0.0,0.0,3.940602,0.0,0.0,0.0,0.0,0.0,0.0
14,BRACS_265_N_16,0,0.0,0.0,0.0,0.0,0.93255424,0.0,0.0,0.0,0.0,13.220622,0.0,8.880833,0.0,0.0,0.0,0.0,0.0,0.0,0.0,0.0,0.0,0.011809567,0.0,0.0,0.0,0.0,2.8520098,0.0,0.0,0.0,0.0,0.0,0.0,0.0,0.0,0.0,0.0,0.0,0.0,0.0,0.0,0.6752296,0.0,0.0,0.5944907,0.0,0.0,1.6153153,0.0,0.11432947,0.0,0.0,0.0,0.0,0.0,0.0,0.0,12.275941,0.0,0.0,0.0,0.0,0.0,0.0
15,BRACS_281_N_34,0,0.0,0.0,0.0,0.0,0.93399584,0.0,0.0,0.0,0.0,13.122553,0.0,8.821959,0.0,0.0,0.0,0.0,0.0,0.0,0.0,0.0,0.0,0.0045696734,0.0,0.0,0.0,0.0,2.7566433,0.0,0.0,0.0,0.0,0.0,0.0,0.0,0.0,0.0,0.0,0.0,0.0,0.0,0.0,0.70542705,0.0,0.0,0.599353,0.0,0.0,1.4832278,0.0,0.113755524,0.0,0.0,0.0,0.0,0.0,0.0,0.0,12.3002405,0.0,0.0,0.0,0.0,0.0,0.0
16,BRACS_1508_N_1,0,0.0,0.0,0.0,0.0,0.15088595,0.0,0.0,0.0,0.0,4.2988544,0.0,2.9373193,0.0,0.0,0.0,0.0,0.0,0.0,0.0,0.0,0.0,0.0029023024,0.0,0.0,0.0,0.0,0.6827258,0.0,0.0,0.0,0.0,0.0,0.0,0.0,0.0,0.0,0.0,0.0,0.0,0.0,0.0,0.24853371,0.0,0.0,0.21597305,0.0,0.0,0.39768425,0.0,0.037357047,0.0,0.0,0.0,0.0,0.0,0.0,0.0,4.012672,0.0,0.0,0.0,0.0,0.0,0.0
17,BRACS_1926_N_3,0,0.0,0.0,0.0,0.0,0.0,0.0,0.0,0.0,0.0,1.2257009,0.0,0.8258191,0.0,0.0,0.0,0.0,0.0,0.0,0.0,0.0,0.0,0.0,0.0,0.0,0.0,0.35495538,0.0,0.0,0.0,0.0,0.0,0.0,0.0,0.0,0.0,0.0,0.0,0.0,0.0,0.0,0.0,0.09082169,0.0,0.48992932,0.103772216,0.0,0.0,0.0021478683,0.0,0.017032482,0.0,0.0,0.0,0.0,0.0,0.0,0.0,1.1596696,0.0,0.0,0.0,0.0,0.0,0.0
18,BRACS_283_N_3,0,0.0,0.0,0.0,0.0,0.40736222,0.0,0.0,0.0,0.0,8.013737,0.0,5.2966466,0.0,0.0,0.0,0.0,0.0,0.0,0.0,0.0,0.0,0.048838753,0.0,0.0,0.0,0.0,1.9648466,0.0,0.0,0.0,0.0,0.0,0.0,0.0,0.0,0.0,0.0,0.0,0.0,0.0,0.0,0.25448638,0.0,0.0,0.32573622,0.0,0.0,1.4419688,0.0,0.06787119,0.0,0.0,0.0,0.0,0.0,0.0,0.0,6.799576,0.0,0.0,0.0,0.0,0.0,0.0
19,BRACS_1235_N_25,0,0.0,0.0,0.0,0.0,0.14094837,0.0,0.0,0.0,0.0,4.0665317,0.0,2.768023,0.0,0.0,0.0,0.0,0.0,0.0,0.0,0.0,0.0,0.0,0.0,0.0,0.0,0.0,0.58437407,0.0,0.0,0.0,0.0,0.0,0.0,0.0,0.0,0.0,0.0,0.0,0.0,0.0,0.0,0.24416487,0.0,0.0,0.21675287,0.0,0.0,0.3411544,0.0,0.038012568,0.0,0.0,0.0,0.0,0.0,0.0,0.0,3.841704,0.0,0.0,0.0,0.0,0.0,0.0
20,BRACS_281_N_27,0,0.0,0.0,0.0,0.0,0.34098774,0.0,0.0,0.0,0.0,6.1124077,0.0,4.164471,0.0,0.0,0.0,0.0,0.0,0.0,0.0,0.0,0.0,0.0,0.0,0.0,0.0,0.0,1.0901127,0.0,0.0,0.0,0.0,0.0,0.0,0.0,0.0,0.0,0.0,0.0,0.0,0.0,0.0,0.35855776,0.0,0.0,0.30039725,0.0,0.0,0.5734656,0.0,0.053382944,0.0,0.0,0.0,0.0,0.0,0.0,0.0,5.802255,0.0,0.0,0.0,0.0,0.0,0.0
21,BRACS_1640_N_9,0,0.0,0.0,0.0,0.0,0.0,0.0,0.0,0.0,0.0,1.4616077,0.0,1.0413724,0.0,0.0,0.0,0.0,0.0,0.0,0.0,0.0,0.0,0.0,0.0,0.0,0.0,0.0,0.0,0.0,0.0,0.0,0.0,0.0,0.0,0.0,0.0,0.0,0.0,0.0,0.0,0.0,0.0,0.12238371,0.0,0.0,0.10151507,0.0,0.0,0.0,0.0,0.013810282,0.0,0.0,0.0,0.0,0.0,0.0,0.0,1.4120634,0.0,0.0,0.0,0.0,0.0,0.0
22,BRACS_300_N_15,0,0.0,0.0,0.0,0.0,0.2943142,0.0,0.0,0.0,0.0,6.3862376,0.0,4.2415085,0.0,0.0,0.0,0.0,0.0,0.0,0.0,0.0,0.0,0.037911,0.0,0.0,0.0,0.0,1.5033447,0.0,0.0,0.0,0.0,0.0,0.0,0.0,0.0,0.0,0.0,0.0,0.0,0.0,0.0,0.21504855,0.0,0.0,0.2681283,0.0,0.0,1.0994196,0.0,0.05439586,0.0,0.0,0.0,0.0,0.0,0.0,0.0,5.45403,0.0,0.0,0.0,0.0,0.0,0.0
23,BRACS_280_N_3,0,0.0,0.0,0.0,0.0,0.3305663,0.0,0.0,0.0,0.0,6.5128016,0.0,4.359029,0.0,0.0,0.0,0.0,0.0,0.0,0.0,0.0,0.0,0.026938116,0.0,0.0,0.0,0.0,1.443345,0.0,0.0,0.0,0.0,0.0,0.0,0.0,0.0,0.0,0.0,0.0,0.0,0.0,0.0,0.2653337,0.0,0.0,0.2858405,0.0,0.0,0.98028576,0.0,0.05588991,0.0,0.0,0.0,0.0,0.0,0.0,0.0,5.745727,0.0,0.0,0.0,0.0,0.0,0.0
24,BRACS_760_N_7,0,0.0,0.0,0.0,0.0,0.032907918,0.0,0.0,0.0,0.0,2.9402506,0.0,2.0369124,0.0,0.0,0.0,0.0,0.0,0.0,0.0,0.0,0.0,0.0,0.0,0.0,0.0,0.0,0.29823896,0.0,0.0,0.0,0.0,0.0,0.0,0.0,0.0,0.0,0.0,0.0,0.0,0.0,0.0,0.19951071,0.0,0.0,0.16656877,0.0,0.0,0.16197914,0.0,0.026855571,0.0,0.0,0.0,0.0,0.0,0.0,0.0,2.8137045,0.0,0.0,0.0,0.0,0.0,0.0
25,BRACS_1608_N_5,0,0.0,0.0,0.0,0.0,0.0,0.0,0.0,0.0,0.0,1.2113307,0.0,0.8766741,0.0,0.0,0.0,0.0,0.0,0.0,0.0,0.0,0.0,0.0,0.0,0.0,0.0,0.0057073236,0.0,0.0,0.0,0.0,0.0,0.0,0.0,0.0,0.0,0.0,0.0,0.0,0.0,0.0,0.0,0.107968435,0.0,0.05967337,0.08974977,0.0,0.0,0.0,0.0,0.0116241155,0.0,0.0,0.0,0.0,0.0,0.0,0.0,1.1716267,0.0,0.0,0.0,0.0,0.0,0.0
26,BRACS_760_N_4,0,0.0,0.0,0.0,0.0,0.2236635,0.0,0.0,0.0,0.0,5.077821,0.0,3.4673731,0.0,0.0,0.0,0.0,0.0,0.0,0.0,0.0,0.0,0.0002662181,0.0,0.0,0.0,0.0,0.8360158,0.0,0.0,0.0,0.0,0.0,0.0,0.0,0.0,0.0,0.0,0.0,0.0,0.0,0.0,0.29968256,0.0,0.0,0.25266325,0.0,0.0,0.46544805,0.0,0.044228446,0.0,0.0,0.0,0.0,0.0,0.0,0.0,4.7818265,0.0,0.0,0.0,0.0,0.0,0.0
27,BRACS_281_N_30,0,0.0,0.0,0.0,0.0,0.43890738,0.0,0.0,0.0,0.0,7.1021085,0.0,4.809108,0.0,0.0,0.0,0.0,0.0,0.0,0.0,0.0,0.0,0.008926833,0.0,0.0,0.0,0.0,1.4454005,0.0,0.0,0.0,0.0,0.0,0.0,0.0,0.0,0.0,0.0,0.0,0.0,0.0,0.0,0.36869043,0.0,0.0,0.33639112,0.0,0.0,0.81704605,0.0,0.06251526,0.0,0.0,0.0,0.0,0.0,0.0,0.0,6.6361675,0.0,0.0,0.0,0.0,0.0,0.0
28,BRACS_280_N_19,0,0.0,0.0,0.0,0.0,0.33065015,0.0,0.0,0.0,0.0,7.2009544,0.0,4.7703633,0.0,0.0,0.0,0.0,0.0,0.0,0.0,0.0,0.0,0.041406307,0.0,0.0,0.0,0.0,1.6939266,0.0,0.0,0.0,0.0,0.0,0.0,0.0,0.0,0.0,0.0,0.0,0.0,0.0,0.0,0.23885739,0.0,0.0,0.29886857,0.0,0.0,1.2510982,0.0,0.061241493,0.0,0.0,0.0,0.0,0.0,0.0,0.0,6.1386,0.0,0.0,0.0,0.0,0.0,0.0
29,BRACS_288_N_12,0,0.0,0.0,0.0,0.0,1.0341038,0.0,0.10274637,0.0,0.0,16.761425,0.0,10.945348,0.0,0.0,0.0,0.0,0.0,0.0,0.0,0.0,0.042111084,0.110667475,0.0,0.0,0.0,0.0,4.5020885,0.0,0.0,0.0,0.0,0.0,0.0,0.0,0.0,0.0,0.0,0.0,0.0,0.0,0.0,0.4575832,0.0,0.0,0.6430645,0.0,0.0,3.2852879,0.0,0.14256495,0.0,0.0,0.0,0.0,0.0,0.0,0.0,14.068871,0.0,0.0,0.0,0.0,0.0,0.0
30,BRACS_265_N_9,0,0.0,0.0,0.0,0.0,0.0,0.0,0.0,0.0,0.0,2.7551374,0.0,1.8779149,0.0,0.0,0.0,0.0,0.0,0.0,0.0,0.0,0.0,0.0,0.0,0.0,0.0,0.0,0.23320967,0.0,0.0,0.0,0.0,0.0,0.0,0.0,0.0,0.0,0.0,0.0,0.0,0.0,0.0,0.17388846,0.0,0.0,0.15529412,0.0,0.0,0.13531365,0.0,0.02483789,0.0,0.0,0.0,0.0,0.0,0.0,0.0,2.5784953,0.0,0.0,0.0,0.0,0.0,0.0
31,BRACS_1510_N_2,0,0.0,0.0,0.0,0.0,0.0,0.0,0.0,0.0,0.0,2.2498837,0.0,1.5841596,0.0,0.0,0.0,0.0,0.0,0.0,0.0,0.0,0.0,0.0,0.0,0.0,0.0,0.0,0.12993076,0.0,0.0,0.0,0.0,0.0,0.0,0.0,0.0,0.0,0.0,0.0,0.0,0.0,0.0,0.17380208,0.0,0.0,0.13581325,0.0,0.0,0.052117214,0.0,0.019980438,0.0,0.0,0.0,0.0,0.0,0.0,0.0,2.1899424,0.0,0.0,0.0,0.0,0.0,0.0
32,BRACS_1886_N_2,0,0.0,0.0,0.0,0.0,0.0,0.0,0.0,0.0,0.0,0.0,0.0,0.0,0.0,0.0,0.0,0.0,0.24808878,0.0,0.0,0.0,0.0,0.0,0.0,0.0,0.0,1.4285499,0.0,0.0,0.0,0.0,0.0,0.0,0.0,0.0,0.0,0.0,0.0,0.0,0.0,0.0,0.0,0.0,0.7540957,1.780162,0.06382696,0.0,0.0,0.0,0.0,0.013549401,0.0,0.0,0.0,0.0,0.0,0.0,0.0,0.0,0.0,0.0,0.0,0.0,0.0,0.0
33,BRACS_1904_N_3,0,0.0,0.0,0.0,0.0,0.22646071,0.0,0.0,0.0,0.0,5.1550913,0.0,3.5098832,0.0,0.0,0.0,0.0,0.0,0.0,0.0,0.0,0.0,0.0045720707,0.0,0.0,0.0,0.0,0.8994509,0.0,0.0,0.0,0.0,0.0,0.0,0.0,0.0,0.0,0.0,0.0,0.0,0.0,0.0,0.2864973,0.0,0.0,0.25091735,0.0,0.0,0.5246947,0.0,0.044618443,0.0,0.0,0.0,0.0,0.0,0.0,0.0,4.7939696,0.0,0.0,0.0,0.0,0.0,0.0
34,BRACS_1880_N_2,0,0.0,0.0,0.0,0.0,0.0,0.0,0.0,0.0,0.0,0.9875308,0.0,0.7312745,0.0,0.0,0.0,0.0,0.0,0.0,0.0,0.0,0.0,0.0,0.0,0.0,0.0,0.080138415,0.0,0.0,0.0,0.0,0.0,0.0,0.0,0.0,0.0,0.0,0.0,0.0,0.0,0.0,0.0,0.0968423,0.0,0.1300872,0.079934195,0.0,0.0,0.0,0.0,0.009707776,0.0,0.0,0.0,0.0,0.0,0.0,0.0,0.96277446,0.0,0.0,0.0,0.0,0.0,0.0
35,BRACS_1231_N_28,0,0.0,0.0,0.0,0.0,0.0,0.0,0.0,0.0,0.0,0.0,0.0,0.0,0.0,0.0,0.0,0.0,0.28286594,0.0,0.0,0.0,0.0,0.0,0.0,0.0,0.0,0.9932046,0.0,0.0,0.0,0.0,0.0,0.0,0.0,0.0,0.0,0.0,0.0,0.0,0.0,0.0,0.0,0.0,0.5614103,1.2905192,0.042059135,0.0,0.0,0.0,0.0,0.005726777,0.0,0.0,0.0,0.0,0.0,0.0,0.0,0.0,0.0,0.0,0.0,0.0,0.0,0.0
36,BRACS_1945_N_6,0,0.0,0.0,0.0,0.0,0.101238474,0.0,0.0,0.0,0.0,3.6759093,0.0,2.5082877,0.0,0.0,0.0,0.0,0.0,0.0,0.0,0.0,0.0,0.0,0.0,0.0,0.0,0.0,0.46346465,0.0,0.0,0.0,0.0,0.0,0.0,0.0,0.0,0.0,0.0,0.0,0.0,0.0,0.0,0.23318258,0.0,0.0,0.20222177,0.0,0.0,0.26528147,0.0,0.03469998,0.0,0.0,0.0,0.0,0.0,0.0,0.0,3.5008705,0.0,0.0,0.0,0.0,0.0,0.0
37,BRACS_1325_N_5,0,0.0,0.0,0.0,0.0,0.092640415,0.0,0.0,0.0,0.0,3.2257621,0.0,2.2456298,0.0,0.0,0.0,0.0,0.0,0.0,0.0,0.0,0.0,0.0,0.0,0.0,0.0,0.0,0.38684145,0.0,0.0,0.0,0.0,0.0,0.0,0.0,0.0,0.0,0.0,0.0,0.0,0.0,0.0,0.22671424,0.0,0.0,0.17762077,0.0,0.0,0.18344411,0.0,0.028273255,0.0,0.0,0.0,0.0,0.0,0.0,0.0,3.1235669,0.0,0.0,0.0,0.0,0.0,0.0
38,BRACS_734_N_75,0,0.0,0.0,0.0,0.0,0.1613353,0.0,0.0,0.0,0.0,4.3137155,0.0,2.942552,0.0,0.0,0.0,0.0,0.0,0.0,0.0,0.0,0.0,0.005823204,0.0,0.0,0.0,0.0,0.7248318,0.0,0.0,0.0,0.0,0.0,0.0,0.0,0.0,0.0,0.0,0.0,0.0,0.0,0.0,0.23948936,0.0,0.0,0.21363096,0.0,0.0,0.43426684,0.0,0.03737862,0.0,0.0,0.0,0.0,0.0,0.0,0.0,3.993703,0.0,0.0,0.0,0.0,0.0,0.0
39,BRACS_292_N_2,0,0.0,0.0,0.0,0.0,0.5918251,0.0,0.0,0.0,0.0,9.924662,0.0,6.5876594,0.0,0.0,0.0,0.0,0.0,0.0,0.0,0.0,0.0,0.04171336,0.0,0.0,0.0,0.0,2.347213,0.0,0.0,0.0,0.0,0.0,0.0,0.0,0.0,0.0,0.0,0.0,0.0,0.0,0.0,0.38481754,0.0,0.0,0.41958883,0.0,0.0,1.5672784,0.0,0.08514102,0.0,0.0,0.0,0.0,0.0,0.0,0.0,8.732902,0.0,0.0,0.0,0.0,0.0,0.0
40,BRACS_1945_N_11,0,0.0,0.0,0.0,0.0,0.064511016,0.0,0.0,0.0,0.0,3.2518554,0.0,2.2520626,0.0,0.0,0.0,0.0,0.0,0.0,0.0,0.0,0.0,0.0,0.0,0.0,0.0,0.0,0.36863157,0.0,0.0,0.0,0.0,0.0,0.0,0.0,0.0,0.0,0.0,0.0,0.0,0.0,0.0,0.22255044,0.0,0.0,0.17852081,0.0,0.0,0.18535581,0.0,0.028630031,0.0,0.0,0.0,0.0,0.0,0.0,0.0,3.1264143,0.0,0.0,0.0,0.0,0.0,0.0
41,BRACS_297_N_10,0,0.0,0.0,0.0,0.0,0.97036326,0.0,0.0,0.0,0.0,14.343091,0.0,9.552224,0.0,0.0,0.0,0.0,0.0,0.0,0.0,0.0,0.0,0.03700236,0.0,0.0,0.0,0.0,3.314331,0.0,0.0,0.0,0.0,0.0,0.0,0.0,0.0,0.0,0.0,0.0,0.0,0.0,0.0,0.6316853,0.0,0.0,0.6150711,0.0,0.0,2.0691075,0.0,0.12314236,0.0,0.0,0.0,0.0,0.0,0.0,0.0,12.929101,0.0,0.0,0.0,0.0,0.0,0.0
42,BRACS_1945_N_20,0,0.0,0.0,0.0,0.0,0.0,0.0,0.0,0.0,0.0,1.9499651,0.0,1.3790958,0.0,0.0,0.0,0.0,0.0,0.0,0.0,0.0,0.0,0.0,0.0,0.0,0.0,0.0,0.083860934,0.0,0.0,0.0,0.0,0.0,0.0,0.0,0.0,0.0,0.0,0.0,0.0,0.0,0.0,0.15602976,0.0,0.0,0.12411157,0.0,0.0,0.033454552,0.0,0.018142445,0.0,0.0,0.0,0.0,0.0,0.0,0.0,1.9022152,0.0,0.0,0.0,0.0,0.0,0.0
43,BRACS_265_N_5,0,0.0,0.0,0.0,0.0,1.2003708,0.0,0.0,0.0,0.0,16.985088,0.0,11.259225,0.0,0.0,0.0,0.0,0.0,0.0,0.0,0.0,0.0,0.047921192,0.0,0.0,0.0,0.0,4.050514,0.0,0.0,0.0,0.0,0.0,0.0,0.0,0.0,0.0,0.0,0.0,0.0,0.0,0.0,0.7282775,0.0,0.0,0.7288684,0.0,0.0,2.465112,0.0,0.14780848,0.0,0.0,0.0,0.0,0.0,0.0,0.0,15.345299,0.0,0.0,0.0,0.0,0.0,0.0
44,BRACS_311_N_68,0,0.0,0.0,0.0,0.0,0.25054544,0.0,0.0,0.0,0.0,5.1676464,0.0,3.5168772,0.0,0.0,0.0,0.0,0.0,0.0,0.0,0.0,0.0,0.007354382,0.0,0.0,0.0,0.0,0.95368195,0.0,0.0,0.0,0.0,0.0,0.0,0.0,0.0,0.0,0.0,0.0,0.0,0.0,0.0,0.27817512,0.0,0.0,0.24902532,0.0,0.0,0.56337667,0.0,0.04473261,0.0,0.0,0.0,0.0,0.0,0.0,0.0,4.7848024,0.0,0.0,0.0,0.0,0.0,0.0
45,BRACS_760_N_1,0,0.0,0.0,0.0,0.0,0.0,0.0,0.0,0.0,0.0,2.1802256,0.0,1.5370301,0.0,0.0,0.0,0.0,0.0,0.0,0.0,0.0,0.0,0.0,0.0,0.0,0.0,0.0,0.12774247,0.0,0.0,0.0,0.0,0.0,0.0,0.0,0.0,0.0,0.0,0.0,0.0,0.0,0.0,0.16718332,0.0,0.0,0.13187668,0.0,0.0,0.05671814,0.0,0.019355245,0.0,0.0,0.0,0.0,0.0,0.0,0.0,2.1150918,0.0,0.0,0.0,0.0,0.0,0.0
46,BRACS_300_N_11,0,0.0,0.0,0.0,0.0,0.49948,0.0,0.0,0.0,0.0,9.338634,0.0,6.157748,0.0,0.0,0.0,0.0,0.0,0.0,0.0,0.0,0.0,0.058819152,0.0,0.0,0.0,0.0,2.3482535,0.0,0.0,0.0,0.0,0.0,0.0,0.0,0.0,0.0,0.0,0.0,0.0,0.0,0.0,0.2827493,0.0,0.0,0.3724035,0.0,0.0,1.7302982,0.0,0.07894179,0.0,0.0,0.0,0.0,0.0,0.0,0.0,7.8924937,0.0,0.0,0.0,0.0,0.0,0.0
47,BRACS_283_N_24,0,0.0,0.0,0.0,0.0,0.31313813,0.0,0.0,0.0,0.0,6.0417404,0.0,4.0938935,0.0,0.0,0.0,0.0,0.0,0.0,0.0,0.0,0.0,0.00823696,0.0,0.0,0.0,0.0,1.1520194,0.0,0.0,0.0,0.0,0.0,0.0,0.0,0.0,0.0,0.0,0.0,0.0,0.0,0.0,0.3172539,0.0,0.0,0.2866045,0.0,0.0,0.6816263,0.0,0.05244796,0.0,0.0,0.0,0.0,0.0,0.0,0.0,5.588722,0.0,0.0,0.0,0.0,0.0,0.0
48,BRACS_283_N_10,0,0.0,0.0,0.0,0.0,0.38130087,0.0,0.0,0.0,0.0,7.439365,0.0,4.9323554,0.0,0.0,0.0,0.0,0.0,0.0,0.0,0.0,0.0,0.04318823,0.0,0.0,0.0,0.0,1.8012486,0.0,0.0,0.0,0.0,0.0,0.0,0.0,0.0,0.0,0.0,0.0,0.0,0.0,0.0,0.24626727,0.0,0.0,0.30969667,0.0,0.0,1.2968494,0.0,0.063674115,0.0,0.0,0.0,0.0,0.0,0.0,0.0,6.381262,0.0,0.0,0.0,0.0,0.0,0.0
49,BRACS_1945_N_16,0,0.0,0.0,0.0,0.0,0.0,0.0,0.0,0.0,0.0,2.095987,0.0,1.4734584,0.0,0.0,0.0,0.0,0.0,0.0,0.0,0.0,0.0,0.0,0.0,0.0,0.0,0.0,0.08818531,0.0,0.0,0.0,0.0,0.0,0.0,0.0,0.0,0.0,0.0,0.0,0.0,0.0,0.0,0.16186963,0.0,0.0,0.12857538,0.0,0.0,0.038631916,0.0,0.018695842,0.0,0.0,0.0,0.0,0.0,0.0,0.0,2.0302453,0.0,0.0,0.0,0.0,0.0,0.0
50,BRACS_1599_N_2,0,0.0,0.0,0.0,0.0,0.0,0.0,0.0,0.0,0.0,1.151881,0.0,0.83781284,0.0,0.0,0.0,0.0,0.0,0.0,0.0,0.0,0.0,0.0,0.0,0.0,0.0,0.03252524,0.0,0.0,0.0,0.0,0.0,0.0,0.0,0.0,0.0,0.0,0.0,0.0,0.0,0.0,0.0,0.107173234,0.0,0.093069136,0.08836517,0.0,0.0,0.0,0.0,0.011286726,0.0,0.0,0.0,0.0,0.0,0.0,0.0,1.1234499,0.0,0.0,0.0,0.0,0.0,0.0
51,BRACS_1932_N_5,0,0.0,0.0,0.0,0.0,0.0,0.0,0.0,0.0,0.0,1.2677023,0.0,0.8749824,0.0,0.0,0.0,0.0,0.006556481,0.0,0.0,0.0,0.0,0.010289585,0.0,0.0,0.0,0.12318185,0.058018833,0.0,0.0,0.0,0.0,0.0,0.0,0.0,0.0,0.0,0.0,0.0,0.0,0.0,0.0,0.06279734,0.0,0.28476012,0.07967204,0.0,0.0,0.08634193,0.0,0.011618467,0.0,0.0,0.0,0.0,0.0,0.0,0.0,1.0747913,0.0,0.0,0.0,0.0,0.0,0.0
52,BRACS_280_N_4,0,0.0,0.0,0.0,0.0,0.7368812,0.0,0.0,0.0,0.0,12.222621,0.0,8.072227,0.0,0.0,0.0,0.0,0.0,0.0,0.0,0.0,0.0,0.06215978,0.0,0.0,0.0,0.0,3.0398448,0.0,0.0,0.0,0.0,0.0,0.0,0.0,0.0,0.0,0.0,0.0,0.0,0.0,0.0,0.41649812,0.0,0.0,0.49343634,0.0,0.0,2.1401663,0.0,0.10377523,0.0,0.0,0.0,0.0,0.0,0.0,0.0,10.532506,0.0,0.0,0.0,0.0,0.0,0.0
53,BRACS_734_N_31,0,0.0,0.0,0.0,0.0,0.25295568,0.0,0.0,0.0,0.0,5.293485,0.0,3.5944097,0.0,0.0,0.0,0.0,0.0,0.0,0.0,0.0,0.0,0.009745935,0.0,0.0,0.0,0.0,0.9978764,0.0,0.0,0.0,0.0,0.0,0.0,0.0,0.0,0.0,0.0,0.0,0.0,0.0,0.0,0.27583885,0.0,0.0,0.25165617,0.0,0.0,0.60480535,0.0,0.045655556,0.0,0.0,0.0,0.0,0.0,0.0,0.0,4.8651247,0.0,0.0,0.0,0.0,0.0,0.0
54,BRACS_734_N_103,0,0.0,0.0,0.0,0.0,0.01618801,0.0,0.0,0.0,0.0,2.7349746,0.0,1.8857181,0.0,0.0,0.0,0.0,0.0,0.0,0.0,0.0,0.0,0.002235157,0.0,0.0,0.0,0.0,0.3158863,0.0,0.0,0.0,0.0,0.0,0.0,0.0,0.0,0.0,0.0,0.0,0.0,0.0,0.0,0.16937667,0.0,0.0,0.14975859,0.0,0.0,0.19425023,0.0,0.024092013,0.0,0.0,0.0,0.0,0.0,0.0,0.0,2.5529141,0.0,0.0,0.0,0.0,0.0,0.0
55,BRACS_300_N_4,0,0.0,0.0,0.0,0.0,0.19455115,0.0,0.0,0.0,0.0,4.694925,0.0,3.1783094,0.0,0.0,0.0,0.0,0.0,0.0,0.0,0.0,0.0,0.014243571,0.0,0.0,0.0,0.0,0.9039713,0.0,0.0,0.0,0.0,0.0,0.0,0.0,0.0,0.0,0.0,0.0,0.0,0.0,0.0,0.2259574,0.0,0.0,0.22122549,0.0,0.0,0.5860237,0.0,0.04049414,0.0,0.0,0.0,0.0,0.0,0.0,0.0,4.2369184,0.0,0.0,0.0,0.0,0.0,0.0
56,BRACS_281_N_5,0,0.0,0.0,0.0,0.0,0.34881908,0.0,0.0,0.0,0.0,6.1165347,0.0,4.1698194,0.0,0.0,0.0,0.0,0.0,0.0,0.0,0.0,0.0,0.0,0.0,0.0,0.0,0.0,1.0946661,0.0,0.0,0.0,0.0,0.0,0.0,0.0,0.0,0.0,0.0,0.0,0.0,0.0,0.0,0.36216807,0.0,0.0,0.30141908,0.0,0.0,0.5690975,0.0,0.05351875,0.0,0.0,0.0,0.0,0.0,0.0,0.0,5.8147216,0.0,0.0,0.0,0.0,0.0,0.0
57,BRACS_734_N_10,0,0.0,0.0,0.0,0.0,0.045289263,0.0,0.0,0.0,0.0,3.1321492,0.0,2.1311376,0.0,0.0,0.0,0.0,0.0,0.0,0.0,0.0,0.0,0.010693215,0.0,0.0,0.0,0.0,0.49220398,0.0,0.0,0.0,0.0,0.0,0.0,0.0,0.0,0.0,0.0,0.0,0.0,0.0,0.0,0.15715557,0.0,0.0,0.15822041,0.0,0.0,0.34100464,0.0,0.0273133,0.0,0.0,0.0,0.0,0.0,0.0,0.0,2.8124974,0.0,0.0,0.0,0.0,0.0,0.0
58,BRACS_1904_N_1,0,0.0,0.0,0.0,0.0,0.15146236,0.0,0.0,0.0,0.0,4.263839,0.0,2.9359543,0.0,0.0,0.0,0.0,0.0,0.0,0.0,0.0,0.0,0.0,0.0,0.0,0.0,0.0,0.5824919,0.0,0.0,0.0,0.0,0.0,0.0,0.0,0.0,0.0,0.0,0.0,0.0,0.0,0.0,0.2812286,0.0,0.0,0.22394855,0.0,0.0,0.29144174,0.0,0.0373961,0.0,0.0,0.0,0.0,0.0,0.0,0.0,4.0967975,0.0,0.0,0.0,0.0,0.0,0.0
59,BRACS_760_N_15,0,0.0,0.0,0.0,0.0,0.44534683,0.0,0.0,0.0,0.0,7.4169455,0.0,5.000888,0.0,0.0,0.0,0.0,0.0,0.0,0.0,0.0,0.0,0.0008984781,0.0,0.0,0.0,0.0,1.3841522,0.0,0.0,0.0,0.0,0.0,0.0,0.0,0.0,0.0,0.0,0.0,0.0,0.0,0.0,0.40919495,0.0,0.0,0.36340868,0.0,0.0,0.78539014,0.0,0.06818026,0.0,0.0,0.0,0.0,0.0,0.0,0.0,6.9576497,0.0,0.0,0.0,0.0,0.0,0.0
60,BRACS_283_N_42,0,0.0,0.0,0.0,0.0,0.86913574,0.0,0.13502073,0.0,0.0,14.825072,0.0,9.666455,0.0,0.0,0.0,0.0,0.0,0.0,0.0,0.0,0.06718297,0.10603176,0.0,0.0,0.0,0.0,4.004643,0.0,0.0,0.0,0.0,0.0,0.0,0.0,0.0,0.0,0.0,0.0,0.0,0.0,0.0,0.37407565,0.0,0.0,0.55886674,0.0,0.0,3.0164552,0.0,0.1250946,0.0,0.0,0.0,0.0,0.0,0.0,0.0,12.278483,0.0,0.0,0.0,0.0,0.0,0.0
61,BRACS_1485_N_4,0,0.0,0.0,0.0,0.0,0.012122378,0.0,0.0,0.0,0.0,2.661687,0.0,1.8544651,0.0,0.0,0.0,0.0,0.0,0.0,0.0,0.0,0.0,0.0,0.0,0.0,0.0,0.0,0.21584019,0.0,0.0,0.0,0.0,0.0,0.0,0.0,0.0,0.0,0.0,0.0,0.0,0.0,0.0,0.19504063,0.0,0.0,0.15582372,0.0,0.0,0.10251464,0.0,0.024121404,0.0,0.0,0.0,0.0,0.0,0.0,0.0,2.5868735,0.0,0.0,0.0,0.0,0.0,0.0
62,BRACS_264_N_19,0,0.0,0.0,0.0,0.0,0.109359846,0.0,0.0,0.0,0.0,3.7091532,0.0,2.508961,0.0,0.0,0.0,0.0,0.0,0.0,0.0,0.0,0.0,0.014955424,0.0,0.0,0.0,0.0,0.68281126,0.0,0.0,0.0,0.0,0.0,0.0,0.0,0.0,0.0,0.0,0.0,0.0,0.0,0.0,0.17106025,0.0,0.0,0.18130486,0.0,0.0,0.4588457,0.0,0.03268626,0.0,0.0,0.0,0.0,0.0,0.0,0.0,3.3278022,0.0,0.0,0.0,0.0,0.0,0.0
63,BRACS_283_N_8,0,0.0,0.0,0.0,0.0,0.68176603,0.0,0.0667931,0.0,0.0,11.981649,0.0,7.852381,0.0,0.0,0.0,0.0,0.0,0.0,0.0,0.0,0.0,0.08211024,0.0,0.0,0.0,0.0,3.156672,0.0,0.0,0.0,0.0,0.0,0.0,0.0,0.0,0.0,0.0,0.0,0.0,0.0,0.0,0.32375252,0.0,0.0,0.4625094,0.0,0.0,2.3601673,0.0,0.10130634,0.0,0.0,0.0,0.0,0.0,0.0,0.0,10.010334,0.0,0.0,0.0,0.0,0.0,0.0
64,BRACS_280_N_7,0,0.0,0.0,0.0,0.0,0.89040184,0.0,0.10450734,0.0,0.0,14.888123,0.0,9.738926,0.0,0.0,0.0,0.0,0.0,0.0,0.0,0.0,0.028962359,0.099388644,0.0,0.0,0.0,0.0,3.9692757,0.0,0.0,0.0,0.0,0.0,0.0,0.0,0.0,0.0,0.0,0.0,0.0,0.0,0.0,0.4019165,0.0,0.0,0.56827015,0.0,0.0,2.9556608,0.0,0.12571886,0.0,0.0,0.0,0.0,0.0,0.0,0.0,12.437061,0.0,0.0,0.0,0.0,0.0,0.0
65,BRACS_734_N_24,0,0.0,0.0,0.0,0.0,0.11828263,0.0,0.0,0.0,0.0,3.7630575,0.0,2.5782957,0.0,0.0,0.0,0.0,0.0,0.0,0.0,0.0,0.0,0.0025521596,0.0,0.0,0.0,0.0,0.56866956,0.0,0.0,0.0,0.0,0.0,0.0,0.0,0.0,0.0,0.0,0.0,0.0,0.0,0.0,0.2220974,0.0,0.0,0.19396421,0.0,0.0,0.33130383,0.0,0.033012934,0.0,0.0,0.0,0.0,0.0,0.0,0.0,3.5195925,0.0,0.0,0.0,0.0,0.0,0.0
66,BRACS_1494_N_54,0,0.0,0.0,0.0,0.0,0.21495737,0.0,0.0,0.0,0.0,4.800185,0.0,3.278152,0.0,0.0,0.0,0.0,0.0,0.0,0.0,0.0,0.0,0.002001814,0.0,0.0,0.0,0.0,0.80721843,0.0,0.0,0.0,0.0,0.0,0.0,0.0,0.0,0.0,0.0,0.0,0.0,0.0,0.0,0.279566,0.0,0.0,0.23947154,0.0,0.0,0.44902012,0.0,0.041824397,0.0,0.0,0.0,0.0,0.0,0.0,0.0,4.513252,0.0,0.0,0.0,0.0,0.0,0.0
67,BRACS_1916_N_6,0,0.0,0.0,0.0,0.0,0.0,0.0,0.0,0.0,0.0,2.2721949,0.0,1.5857955,0.0,0.0,0.0,0.0,0.0,0.0,0.0,0.0,0.0,0.0,0.0,0.0,0.0,0.0,0.1678817,0.0,0.0,0.0,0.0,0.0,0.0,0.0,0.0,0.0,0.0,0.0,0.0,0.0,0.0,0.16191679,0.0,0.0,0.13397682,0.0,0.0,0.09128179,0.0,0.020231131,0.0,0.0,0.0,0.0,0.0,0.0,0.0,2.1706674,0.0,0.0,0.0,0.0,0.0,0.0
68,BRACS_1231_N_38,0,0.0,0.0,0.0,0.0,0.0,0.0,0.0,0.0,0.0,1.4746099,0.0,1.0433897,0.0,0.0,0.0,0.0,0.0,0.0,0.0,0.0,0.0,0.0,0.0,0.0,0.0,0.0,0.0,0.0,0.0,0.0,0.0,0.0,0.0,0.0,0.0,0.0,0.0,0.0,0.0,0.0,0.0,0.1202297,0.0,0.04363367,0.10281348,0.0,0.0,0.0,0.0,0.014068579,0.0,0.0,0.0,0.0,0.0,0.0,0.0,1.4164103,0.0,0.0,0.0,0.0,0.0,0.0
69,BRACS_301_N_3,0,0.0,0.0,0.0,0.0,1.3793212,0.0,0.0,0.0,0.0,19.8719,0.0,13.156019,0.0,0.0,0.0,0.0,0.0,0.0,0.0,0.0,0.0,0.0575488,0.0,0.0,0.0,0.0,4.7276206,0.0,0.0,0.0,0.0,0.0,0.0,0.0,0.0,0.0,0.0,0.0,0.0,0.0,0.0,0.83905417,0.0,0.0,0.8360139,0.0,0.0,2.9788435,0.0,0.17090985,0.0,0.0,0.0,0.0,0.0,0.0,0.0,17.784706,0.0,0.0,0.0,0.0,0.0,0.0
70,BRACS_734_N_3,0,0.0,0.0,0.0,0.0,0.15457858,0.0,0.0,0.0,0.0,4.198911,0.0,2.8671153,0.0,0.0,0.0,0.0,0.0,0.0,0.0,0.0,0.0,0.0054995245,0.0,0.0,0.0,0.0,0.6969652,0.0,0.0,0.0,0.0,0.0,0.0,0.0,0.0,0.0,0.0,0.0,0.0,0.0,0.0,0.23518935,0.0,0.0,0.20916058,0.0,0.0,0.41543958,0.0,0.036415275,0.0,0.0,0.0,0.0,0.0,0.0,0.0,3.8932652,0.0,0.0,0.0,0.0,0.0,0.0
71,BRACS_1231_N_60,0,0.0,0.0,0.0,0.0,0.0,0.0,0.0,0.0,0.0,0.16995516,0.0,0.15884946,0.0,0.0,0.0,0.0,0.1654434,0.0,0.0,0.0,0.0,0.0,0.0,0.0,0.0,0.4363136,0.0,0.0,0.0,0.0,0.0,0.0,0.0,0.0,0.0,0.0,0.0,0.0,0.0,0.0,0.0,0.037334297,0.20630603,0.6098651,0.042549513,0.0,0.0,0.0,0.0,0.0025740194,0.0,0.0,0.0,0.0,0.0,0.0,0.0,0.1332323,0.0,0.0,0.0,0.0,0.0,0.0
72,BRACS_264_N_9,0,0.0,0.0,0.0,0.0,0.338422,0.0,0.0,0.0,0.0,6.139357,0.0,4.156726,0.0,0.0,0.0,0.0,0.0,0.0,0.0,0.0,0.0,0.010575313,0.0,0.0,0.0,0.0,1.2154642,0.0,0.0,0.0,0.0,0.0,0.0,0.0,0.0,0.0,0.0,0.0,0.0,0.0,0.0,0.31506437,0.0,0.0,0.28933954,0.0,0.0,0.7196307,0.0,0.053372387,0.0,0.0,0.0,0.0,0.0,0.0,0.0,5.668661,0.0,0.0,0.0,0.0,0.0,0.0
73,BRACS_736_N_6,0,0.0,0.0,0.0,0.0,0.39281088,0.0,0.0,0.0,0.0,7.2251096,0.0,4.858744,0.0,0.0,0.0,0.0,0.0,0.0,0.0,0.0,0.0,0.012411123,0.0,0.0,0.0,0.0,1.4548748,0.0,0.0,0.0,0.0,0.0,0.0,0.0,0.0,0.0,0.0,0.0,0.0,0.0,0.0,0.35714972,0.0,0.0,0.33472654,0.0,0.0,0.88422966,0.0,0.06306401,0.0,0.0,0.0,0.0,0.0,0.0,0.0,6.6205387,0.0,0.0,0.0,0.0,0.0,0.0
74,BRACS_1485_N_3,0,0.0,0.0,0.0,0.0,0.0,0.0,0.0,0.0,0.0,1.530032,0.0,1.0538394,0.0,0.0,0.0,0.0,0.0,0.0,0.0,0.0,0.0,0.0,0.0,0.0,0.0,0.103723764,0.0,0.0,0.0,0.0,0.0,0.0,0.0,0.0,0.0,0.0,0.0,0.0,0.0,0.0,0.0,0.11595555,0.0,0.1979348,0.11244445,0.0,0.0,0.018664792,0.0,0.017616801,0.0,0.0,0.0,0.0,0.0,0.0,0.0,1.4674457,0.0,0.0,0.0,0.0,0.0,0.0
75,BRACS_281_N_9,0,0.0,0.0,0.0,0.0,1.1544219,0.0,0.0,0.0,0.0,15.728278,0.0,10.587258,0.0,0.0,0.0,0.0,0.0,0.0,0.0,0.0,0.0,0.0,0.0,0.0,0.0,0.0,3.2177749,0.0,0.0,0.0,0.0,0.0,0.0,0.0,0.0,0.0,0.0,0.0,0.0,0.0,0.0,0.88973564,0.0,0.0,0.7259143,0.0,0.0,1.6515936,0.0,0.13657957,0.0,0.0,0.0,0.0,0.0,0.0,0.0,14.910585,0.0,0.0,0.0,0.0,0.0,0.0
76,BRACS_297_N_19,0,0.0,0.0,0.0,0.0,0.43031996,0.0,0.0,0.0,0.0,7.8907332,0.0,5.2383695,0.0,0.0,0.0,0.0,0.0,0.0,0.0,0.0,0.0,0.04000933,0.0,0.0,0.0,0.0,1.8760359,0.0,0.0,0.0,0.0,0.0,0.0,0.0,0.0,0.0,0.0,0.0,0.0,0.0,0.0,0.2861874,0.0,0.0,0.33513153,0.0,0.0,1.2913966,0.0,0.06800211,0.0,0.0,0.0,0.0,0.0,0.0,0.0,6.878652,0.0,0.0,0.0,0.0,0.0,0.0
77,BRACS_283_N_16,0,0.0,0.0,0.0,0.0,1.0656376,0.0,0.0,0.0,0.0,16.409636,0.0,10.824192,0.0,0.0,0.0,0.0,0.0,0.0,0.0,0.0,0.0,0.073470846,0.0,0.0,0.0,0.0,4.0916405,0.0,0.0,0.0,0.0,0.0,0.0,0.0,0.0,0.0,0.0,0.0,0.0,0.0,0.0,0.58925253,0.0,0.0,0.66263676,0.0,0.0,2.7985036,0.0,0.13950264,0.0,0.0,0.0,0.0,0.0,0.0,0.0,14.263375,0.0,0.0,0.0,0.0,0.0,0.0
78,BRACS_1886_N_6,0,0.0,0.0,0.0,0.0,0.364367,0.0,0.0,0.0,0.0,6.5740123,0.0,4.455712,0.0,0.0,0.0,0.0,0.0,0.0,0.0,0.0,0.0,0.009247083,0.0,0.0,0.0,0.0,1.2858486,0.0,0.0,0.0,0.0,0.0,0.0,0.0,0.0,0.0,0.0,0.0,0.0,0.0,0.0,0.34452766,0.0,0.0,0.30730245,0.0,0.0,0.75902593,0.0,0.056606643,0.0,0.0,0.0,0.0,0.0,0.0,0.0,6.073508,0.0,0.0,0.0,0.0,0.0,0.0
79,BRACS_1325_N_8,0,0.0,0.0,0.0,0.0,0.0,0.0,0.0,0.0,0.0,2.7249906,0.0,1.8748368,0.0,0.0,0.0,0.0,0.0,0.0,0.0,0.0,0.0,0.0,0.0,0.0,0.0,0.0,0.2180964,0.0,0.0,0.0,0.0,0.0,0.0,0.0,0.0,0.0,0.0,0.0,0.0,0.0,0.0,0.18581067,0.0,0.0,0.15997128,0.0,0.0,0.1315937,0.0,0.025822338,0.0,0.0,0.0,0.0,0.0,0.0,0.0,2.609156,0.0,0.0,0.0,0.0,0.0,0.0
80,BRACS_283_N_48,0,0.0,0.0,0.0,0.0,0.6778143,0.0,0.0,0.0,0.0,10.831984,0.0,7.222524,0.0,0.0,0.0,0.0,0.0,0.0,0.0,0.0,0.0,0.03294016,0.0,0.0,0.0,0.0,2.4737866,0.0,0.0,0.0,0.0,0.0,0.0,0.0,0.0,0.0,0.0,0.0,0.0,0.0,0.0,0.4660493,0.0,0.0,0.46581656,0.0,0.0,1.5847735,0.0,0.092707634,0.0,0.0,0.0,0.0,0.0,0.0,0.0,9.688144,0.0,0.0,0.0,0.0,0.0,0.0
81,BRACS_288_N_9,0,0.0,0.0,0.0,0.0,0.56623644,0.0,0.0,0.0,0.0,8.852089,0.0,6.0033374,0.0,0.0,0.0,0.0,0.0,0.0,0.0,0.0,0.0,0.0,0.0,0.0,0.0,0.0,1.6486928,0.0,0.0,0.0,0.0,0.0,0.0,0.0,0.0,0.0,0.0,0.0,0.0,0.0,0.0,0.5275919,0.0,0.0,0.4269618,0.0,0.0,0.822317,0.0,0.077365115,0.0,0.0,0.0,0.0,0.0,0.0,0.0,8.456012,0.0,0.0,0.0,0.0,0.0,0.0
82,BRACS_1857_N_6,0,0.0,0.0,0.0,0.0,0.0,0.0,0.0,0.0,0.0,1.9142944,0.0,1.3387904,0.0,0.0,0.0,0.0,0.0,0.0,0.0,0.0,0.0,0.0,0.0,0.0,0.0,0.0,0.060988545,0.0,0.0,0.0,0.0,0.0,0.0,0.0,0.0,0.0,0.0,0.0,0.0,0.0,0.0,0.14391476,0.0,0.0,0.12195021,0.0,0.0,0.040778562,0.0,0.018105699,0.0,0.0,0.0,0.0,0.0,0.0,0.0,1.8375967,0.0,0.0,0.0,0.0,0.0,0.0
83,BRACS_292_N_5,0,0.0,0.0,0.0,0.0,1.29613,0.0,0.0,0.0,0.0,18.76416,0.0,12.416194,0.0,0.0,0.0,0.0,0.0,0.0,0.0,0.0,0.0,0.059876397,0.0,0.0,0.0,0.0,4.510433,0.0,0.0,0.0,0.0,0.0,0.0,0.0,0.0,0.0,0.0,0.0,0.0,0.0,0.0,0.7750793,0.0,0.0,0.7835747,0.0,0.0,2.8733125,0.0,0.16069189,0.0,0.0,0.0,0.0,0.0,0.0,0.0,16.712677,0.0,0.0,0.0,0.0,0.0,0.0
84,BRACS_1231_N_27,0,0.0,0.0,0.0,0.0,0.0,0.0,0.0,0.0,0.0,0.804862,0.0,0.5947588,0.0,0.0,0.0,0.0,0.0,0.0,0.0,0.0,0.0,0.0,0.0,0.0,0.0,0.1634016,0.0,0.0,0.0,0.0,0.0,0.0,0.0,0.0,0.0,0.0,0.0,0.0,0.0,0.0,0.0,0.07688423,0.0,0.2753626,0.06985403,0.0,0.0,0.0,0.0,0.0077792164,0.0,0.0,0.0,0.0,0.0,0.0,0.0,0.75700426,0.0,0.0,0.0,0.0,0.0,0.0
85,BRACS_288_N_10,0,0.0,0.0,0.0,0.0,1.2630888,0.0,0.0,0.0,0.0,18.127104,0.0,12.042404,0.0,0.0,0.0,0.0,0.0,0.0,0.0,0.0,0.0,0.048329107,0.0,0.0,0.0,0.0,4.2680554,0.0,0.0,0.0,0.0,0.0,0.0,0.0,0.0,0.0,0.0,0.0,0.0,0.0,0.0,0.7831064,0.0,0.0,0.76575536,0.0,0.0,2.6823618,0.0,0.15520225,0.0,0.0,0.0,0.0,0.0,0.0,0.0,16.275154,0.0,0.0,0.0,0.0,0.0,0.0
86,BRACS_758_N_2,0,0.0,0.0,0.0,0.0,0.38889825,0.0,0.0,0.0,0.0,6.83029,0.0,4.658361,0.0,0.0,0.0,0.0,0.0,0.0,0.0,0.0,0.0,0.0,0.0,0.0,0.0,0.0,1.2198915,0.0,0.0,0.0,0.0,0.0,0.0,0.0,0.0,0.0,0.0,0.0,0.0,0.0,0.0,0.40253937,0.0,0.0,0.3318417,0.0,0.0,0.64398336,0.0,0.059315015,0.0,0.0,0.0,0.0,0.0,0.0,0.0,6.485233,0.0,0.0,0.0,0.0,0.0,0.0
87,BRACS_1865_N_2,0,0.0,0.0,0.0,0.0,0.0,0.0,0.0,0.0,0.0,2.1804473,0.0,1.5210247,0.0,0.0,0.0,0.0,0.0,0.0,0.0,0.0,0.0,0.0,0.0,0.0,0.0,0.0,0.159623,0.0,0.0,0.0,0.0,0.0,0.0,0.0,0.0,0.0,0.0,0.0,0.0,0.0,0.0,0.15242296,0.0,0.0,0.12882523,0.0,0.0,0.09271073,0.0,0.019404754,0.0,0.0,0.0,0.0,0.0,0.0,0.0,2.0695581,0.0,0.0,0.0,0.0,0.0,0.0
88,BRACS_1231_N_51,0,0.0,0.0,0.0,0.0,0.0,0.0,0.0,0.0,0.0,0.0,0.0,0.0,0.0,0.0,0.0,0.0,0.31015345,0.0,0.0,0.0,0.0,0.0,0.0,0.0,0.0,1.0664313,0.0,0.0,0.0,0.0,0.0,0.0,0.0,0.0,0.0,0.0,0.0,0.0,0.0,0.0,0.0,0.0,0.6160436,1.4060993,0.042115174,0.0,0.0,0.0,0.0,0.005789106,0.0,0.0,0.0,0.0,0.0,0.0,0.0,0.0,0.0,0.0,0.0,0.0,0.0,0.0
89,BRACS_311_N_23,0,0.0,0.0,0.0,0.0,0.105901286,0.0,0.0,0.0,0.0,3.5770218,0.0,2.4510703,0.0,0.0,0.0,0.0,0.0,0.0,0.0,0.0,0.0,0.004390067,0.0,0.0,0.0,0.0,0.55082107,0.0,0.0,0.0,0.0,0.0,0.0,0.0,0.0,0.0,0.0,0.0,0.0,0.0,0.0,0.20583941,0.0,0.0,0.18401103,0.0,0.0,0.32895896,0.0,0.03136057,0.0,0.0,0.0,0.0,0.0,0.0,0.0,3.3227785,0.0,0.0,0.0,0.0,0.0,0.0
90,BRACS_1508_N_3,0,0.0,0.0,0.0,0.0,0.3362733,0.0,0.0,0.0,0.0,6.376284,0.0,4.3296967,0.0,0.0,0.0,0.0,0.0,0.0,0.0,0.0,0.0,0.0051171626,0.0,0.0,0.0,0.0,1.1862366,0.0,0.0,0.0,0.0,0.0,0.0,0.0,0.0,0.0,0.0,0.0,0.0,0.0,0.0,0.3493722,0.0,0.0,0.3030465,0.0,0.0,0.6808171,0.0,0.05500925,0.0,0.0,0.0,0.0,0.0,0.0,0.0,5.937637,0.0,0.0,0.0,0.0,0.0,0.0
91,BRACS_1641_N_2,0,0.0,0.0,0.0,0.0,0.043699384,0.0,0.0,0.0,0.0,2.961582,0.0,2.047372,0.0,0.0,0.0,0.0,0.0,0.0,0.0,0.0,0.0,0.0,0.0,0.0,0.0,0.0,0.35020843,0.0,0.0,0.0,0.0,0.0,0.0,0.0,0.0,0.0,0.0,0.0,0.0,0.0,0.0,0.19149242,0.0,0.0,0.16182686,0.0,0.0,0.19691166,0.0,0.026037198,0.0,0.0,0.0,0.0,0.0,0.0,0.0,2.801822,0.0,0.0,0.0,0.0,0.0,0.0
92,BRACS_1231_N_58,0,0.0,0.0,0.0,0.0,0.0,0.0,0.0,0.0,0.0,0.2551125,0.0,0.2210741,0.0,0.0,0.0,0.0,0.12942375,0.0,0.0,0.0,0.0,0.0,0.0,0.0,0.0,0.38922995,0.0,0.0,0.0,0.0,0.0,0.0,0.0,0.0,0.0,0.0,0.0,0.0,0.0,0.0,0.0,0.048393402,0.1572957,0.5526288,0.047476724,0.0,0.0,0.0,0.0,0.0032431146,0.0,0.0,0.0,0.0,0.0,0.0,0.0,0.22914252,0.0,0.0,0.0,0.0,0.0,0.0
93,BRACS_1918_N_10,0,0.0,0.0,0.0,0.0,0.0,0.0,0.0,0.0,0.0,0.07162451,0.0,0.067504674,0.0,0.0,0.0,0.0,0.19942674,0.0,0.0,0.0,0.0,0.0,0.0,0.0,0.0,0.5673977,0.0,0.0,0.0,0.0,0.0,0.0,0.0,0.0,0.0,0.0,0.0,0.0,0.0,0.0,0.0,0.029663436,0.29221147,0.8030931,0.04342426,0.0,0.0,0.0,0.0,0.0030392692,0.0,0.0,0.0,0.0,0.0,0.0,0.0,0.035754073,0.0,0.0,0.0,0.0,0.0,0.0
94,BRACS_760_N_11,0,0.0,0.0,0.0,0.0,1.329082,0.0,0.0,0.0,0.0,17.627014,0.0,11.892212,0.0,0.0,0.0,0.0,0.0,0.0,0.0,0.0,0.0,0.0,0.0,0.0,0.0,0.0,3.5497642,0.0,0.0,0.0,0.0,0.0,0.0,0.0,0.0,0.0,0.0,0.0,0.0,0.0,0.0,1.0314704,0.0,0.0,0.81721085,0.0,0.0,1.7640675,0.0,0.15288447,0.0,0.0,0.0,0.0,0.0,0.0,0.0,16.820358,0.0,0.0,0.0,0.0,0.0,0.0
95,BRACS_283_N_18,0,0.0,0.0,0.0,0.0,0.2543131,0.0,0.0,0.0,0.0,5.4900823,0.0,3.7321844,0.0,0.0,0.0,0.0,0.0,0.0,0.0,0.0,0.0,0.004695566,0.0,0.0,0.0,0.0,0.97937095,0.0,0.0,0.0,0.0,0.0,0.0,0.0,0.0,0.0,0.0,0.0,0.0,0.0,0.0,0.30127007,0.0,0.0,0.26523796,0.0,0.0,0.5732249,0.0,0.047554426,0.0,0.0,0.0,0.0,0.0,0.0,0.0,5.102882,0.0,0.0,0.0,0.0,0.0,0.0
96,BRACS_1231_N_18,0,0.0,0.0,0.0,0.0,0.0,0.0,0.0,0.0,0.0,0.4567674,0.0,0.3489859,0.0,0.0,0.0,0.0,0.100898266,0.0,0.0,0.0,0.0,0.0008675547,0.0,0.0,0.0,0.3400126,0.0,0.0,0.0,0.0,0.0,0.0,0.0,0.0,0.0,0.0,0.0,0.0,0.0,0.0,0.0,0.04880132,0.124162644,0.47193658,0.05427724,0.0,0.0,0.0,0.0,0.005333009,0.0,0.0,0.0,0.0,0.0,0.0,0.0,0.4042557,0.0,0.0,0.0,0.0,0.0,0.0
97,BRACS_1609_N_2,0,0.0,0.0,0.0,0.0,0.0,0.0,0.0,0.0,0.0,1.8601213,0.0,1.2991339,0.0,0.0,0.0,0.0,0.0,0.0,0.0,0.0,0.0,0.0027462686,0.0,0.0,0.0,0.0,0.12657353,0.0,0.0,0.0,0.0,0.0,0.0,0.0,0.0,0.0,0.0,0.0,0.0,0.0,0.0,0.122290894,0.0,0.0,0.11212498,0.0,0.0,0.09014659,0.0,0.01675337,0.0,0.0,0.0,0.0,0.0,0.0,0.0,1.730873,0.0,0.0,0.0,0.0,0.0,0.0
98,BRACS_1598_N_4,0,0.0,0.0,0.0,0.0,0.0,0.0,0.0,0.0,0.0,0.0,0.0,0.0,0.0,0.0,0.0,0.0,0.35356632,0.0,0.0,0.0,0.0,0.0,0.0,0.0,0.0,1.3378108,0.0,0.0,0.0,0.0,0.0,0.0,0.0,0.0,0.0,0.0,0.0,0.0,0.0,0.0,0.0,0.0,0.7798227,1.715368,0.04186532,0.0,0.0,0.0,0.0,0.0073676975,0.0,0.0,0.0,0.0,0.0,0.0,0.0,0.0,0.0,0.0,0.0,0.0,0.0,0.0
99,BRACS_1930_N_9,0,0.0,0.0,0.0,0.0,0.011359841,0.0,0.0,0.0,0.0,2.6526623,0.0,1.8481345,0.0,0.0,0.0,0.0,0.0,0.0,0.0,0.0,0.0,0.0,0.0,0.0,0.0,0.0,0.23290813,0.0,0.0,0.0,0.0,0.0,0.0,0.0,0.0,0.0,0.0,0.0,0.0,0.0,0.0,0.19016929,0.0,0.0,0.15248294,0.0,0.0,0.115139425,0.0,0.023527997,0.0,0.0,0.0,0.0,0.0,0.0,0.0,2.557237,0.0,0.0,0.0,0.0,0.0,0.0
100,BRACS_265_N_8,0,0.0,0.0,0.0,0.0,1.3755112,0.0,0.0,0.0,0.0,18.397366,0.0,12.321727,0.0,0.0,0.0,0.0,0.0,0.0,0.0,0.0,0.0,0.01280467,0.0,0.0,0.0,0.0,4.0634165,0.0,0.0,0.0,0.0,0.0,0.0,0.0,0.0,0.0,0.0,0.0,0.0,0.0,0.0,0.9398348,0.0,0.0,0.8223116,0.0,0.0,2.2432978,0.0,0.15985195,0.0,0.0,0.0,0.0,0.0,0.0,0.0,17.146452,0.0,0.0,0.0,0.0,0.0,0.0
101,BRACS_1640_N_2,0,0.0,0.0,0.0,0.0,0.0,0.0,0.0,0.0,0.0,2.468828,0.0,1.7230878,0.0,0.0,0.0,0.0,0.0,0.0,0.0,0.0,0.0,0.0,0.0,0.0,0.0,0.0,0.2060067,0.0,0.0,0.0,0.0,0.0,0.0,0.0,0.0,0.0,0.0,0.0,0.0,0.0,0.0,0.17676608,0.0,0.0,0.1432232,0.0,0.0,0.10525587,0.0,0.021850167,0.0,0.0,0.0,0.0,0.0,0.0,0.0,2.371483,0.0,0.0,0.0,0.0,0.0,0.0
102,BRACS_1591_N_1,0,0.0,0.0,0.0,0.0,1.2793283,0.0,0.0,0.0,0.0,17.440449,0.0,11.688193,0.0,0.0,0.0,0.0,0.0,0.0,0.0,0.0,0.0,0.013193918,0.0,0.0,0.0,0.0,3.8145893,0.0,0.0,0.0,0.0,0.0,0.0,0.0,0.0,0.0,0.0,0.0,0.0,0.0,0.0,0.89218503,0.0,0.0,0.77622104,0.0,0.0,2.1392004,0.0,0.1506222,0.0,0.0,0.0,0.0,0.0,0.0,0.0,16.20331,0.0,0.0,0.0,0.0,0.0,0.0
103,BRACS_265_N_6,0,0.0,0.0,0.0,0.0,0.5425476,0.0,0.0,0.0,0.0,8.508644,0.0,5.701838,0.0,0.0,0.0,0.0,0.0,0.0,0.0,0.0,0.0,0.022296276,0.0,0.0,0.0,0.0,1.8870049,0.0,0.0,0.0,0.0,0.0,0.0,0.0,0.0,0.0,0.0,0.0,0.0,0.0,0.0,0.39217615,0.0,0.0,0.38809824,0.0,0.0,1.1188568,0.0,0.07513184,0.0,0.0,0.0,0.0,0.0,0.0,0.0,7.810198,0.0,0.0,0.0,0.0,0.0,0.0
104,BRACS_1608_N_2,0,0.0,0.0,0.0,0.0,0.13140519,0.0,0.0,0.0,0.0,3.843932,0.0,2.6465404,0.0,0.0,0.0,0.0,0.0,0.0,0.0,0.0,0.0,0.0,0.0,0.0,0.0,0.0,0.5305103,0.0,0.0,0.0,0.0,0.0,0.0,0.0,0.0,0.0,0.0,0.0,0.0,0.0,0.0,0.24838507,0.0,0.0,0.20446244,0.0,0.0,0.2763793,0.0,0.034200694,0.0,0.0,0.0,0.0,0.0,0.0,0.0,3.674496,0.0,0.0,0.0,0.0,0.0,0.0
105,BRACS_295_N_26,0,0.0,0.0,0.0,0.0,0.2511286,0.0,0.0,0.0,0.0,5.5336986,0.0,3.7150142,0.0,0.0,0.0,0.0,0.0,0.0,0.0,0.0,0.0,0.019143047,0.0,0.0,0.0,0.0,1.1374575,0.0,0.0,0.0,0.0,0.0,0.0,0.0,0.0,0.0,0.0,0.0,0.0,0.0,0.0,0.248397,0.0,0.0,0.25436386,0.0,0.0,0.7382624,0.0,0.047989808,0.0,0.0,0.0,0.0,0.0,0.0,0.0,4.959507,0.0,0.0,0.0,0.0,0.0,0.0
106,BRACS_1933_N_4,0,0.0,0.0,0.0,0.0,0.28554088,0.0,0.0,0.0,0.0,5.7431393,0.0,3.8872795,0.0,0.0,0.0,0.0,0.0,0.0,0.0,0.0,0.0,0.01270579,0.0,0.0,0.0,0.0,1.1255709,0.0,0.0,0.0,0.0,0.0,0.0,0.0,0.0,0.0,0.0,0.0,0.0,0.0,0.0,0.2875921,0.0,0.0,0.26775807,0.0,0.0,0.695735,0.0,0.049392805,0.0,0.0,0.0,0.0,0.0,0.0,0.0,5.241984,0.0,0.0,0.0,0.0,0.0,0.0
107,BRACS_734_N_26,0,0.0,0.0,0.0,0.0,0.0,0.0,0.0,0.0,0.0,2.289506,0.0,1.5876691,0.0,0.0,0.0,0.0,0.0,0.0,0.0,0.0,0.0,0.00090651074,0.0,0.0,0.0,0.0,0.19925296,0.0,0.0,0.0,0.0,0.0,0.0,0.0,0.0,0.0,0.0,0.0,0.0,0.0,0.0,0.15042454,0.0,0.0,0.13217908,0.0,0.0,0.12561947,0.0,0.020434016,0.0,0.0,0.0,0.0,0.0,0.0,0.0,2.1491556,0.0,0.0,0.0,0.0,0.0,0.0
108,BRACS_264_N_17,0,0.0,0.0,0.0,0.0,1.7178185,0.0,0.0,0.0,0.0,23.934736,0.0,15.795583,0.0,0.0,0.0,0.0,0.0,0.0,0.0,0.0,0.0,0.07752949,0.0,0.0,0.0,0.0,5.930905,0.0,0.0,0.0,0.0,0.0,0.0,0.0,0.0,0.0,0.0,0.0,0.0,0.0,0.0,0.9542413,0.0,0.0,0.9964151,0.0,0.0,3.7269485,0.0,0.20714499,0.0,0.0,0.0,0.0,0.0,0.0,0.0,21.34672,0.0,0.0,0.0,0.0,0.0,0.0
109,BRACS_1608_N_4,0,0.0,0.0,0.0,0.0,0.0,0.0,0.0,0.0,0.0,1.609457,0.0,1.1448451,0.0,0.0,0.0,0.0,0.0,0.0,0.0,0.0,0.0,0.0,0.0,0.0,0.0,0.0,0.031815782,0.0,0.0,0.0,0.0,0.0,0.0,0.0,0.0,0.0,0.0,0.0,0.0,0.0,0.0,0.12881452,0.0,0.0,0.10727206,0.0,0.0,0.016674668,0.0,0.015181438,0.0,0.0,0.0,0.0,0.0,0.0,0.0,1.553746,0.0,0.0,0.0,0.0,0.0,0.0
110,BRACS_747_N_35,0,0.0,0.0,0.0,0.0,0.19959147,0.0,0.0,0.0,0.0,4.450345,0.0,3.0720096,0.0,0.0,0.0,0.0,0.0,0.0,0.0,0.0,0.0,0.0,0.0,0.0,0.0,0.0,0.6636666,0.0,0.0,0.0,0.0,0.0,0.0,0.0,0.0,0.0,0.0,0.0,0.0,0.0,0.0,0.29206818,0.0,0.0,0.23088697,0.0,0.0,0.327396,0.0,0.03873061,0.0,0.0,0.0,0.0,0.0,0.0,0.0,4.283497,0.0,0.0,0.0,0.0,0.0,0.0
111,BRACS_1485_N_6,0,0.0,0.0,0.0,0.0,0.0,0.0,0.0,0.0,0.0,1.9666365,0.0,1.377257,0.0,0.0,0.0,0.0,0.0,0.0,0.0,0.0,0.0,0.0,0.0,0.0,0.0,0.0,0.041454017,0.0,0.0,0.0,0.0,0.0,0.0,0.0,0.0,0.0,0.0,0.0,0.0,0.0,0.0,0.14931412,0.0,0.0,0.12461988,0.0,0.0,0.028135031,0.0,0.018277893,0.0,0.0,0.0,0.0,0.0,0.0,0.0,1.8953449,0.0,0.0,0.0,0.0,0.0,0.0
112,BRACS_297_N_31,0,0.0,0.0,0.0,0.0,1.5304979,0.0,0.0,0.0,0.0,21.91894,0.0,14.477808,0.0,0.0,0.0,0.0,0.0,0.0,0.0,0.0,0.0,0.071588255,0.0,0.0,0.0,0.0,5.3474803,0.0,0.0,0.0,0.0,0.0,0.0,0.0,0.0,0.0,0.0,0.0,0.0,0.0,0.0,0.88327897,0.0,0.0,0.9058704,0.0,0.0,3.4283354,0.0,0.18755983,0.0,0.0,0.0,0.0,0.0,0.0,0.0,19.4527,0.0,0.0,0.0,0.0,0.0,0.0
113,BRACS_1510_N_21,0,0.0,0.0,0.0,0.0,0.0,0.0,0.0,0.0,0.0,0.0,0.0,0.0,0.0,0.0,0.0,0.0,0.23415312,0.0,0.0,0.0,0.0,0.0,0.0,0.0,0.0,0.74468946,0.0,0.0,0.0,0.0,0.0,0.0,0.0,0.0,0.0,0.0,0.0,0.0,0.0,0.0,0.0,0.01340539,0.40540537,0.99924314,0.04247972,0.0,0.0,0.0,0.0,0.004124549,0.0,0.0,0.0,0.0,0.0,0.0,0.0,0.0,0.0,0.0,0.0,0.0,0.0,0.0
114,BRACS_1599_N_1,0,0.0,0.0,0.0,0.0,0.33454216,0.0,0.0,0.0,0.0,6.022325,0.0,4.1253037,0.0,0.0,0.0,0.0,0.0,0.0,0.0,0.0,0.0,0.0,0.0,0.0,0.0,0.0,1.027272,0.0,0.0,0.0,0.0,0.0,0.0,0.0,0.0,0.0,0.0,0.0,0.0,0.0,0.0,0.37271714,0.0,0.0,0.29763708,0.0,0.0,0.52412724,0.0,0.052024066,0.0,0.0,0.0,0.0,0.0,0.0,0.0,5.7542124,0.0,0.0,0.0,0.0,0.0,0.0
115,BRACS_1904_N_2,0,0.0,0.0,0.0,0.0,0.19708811,0.0,0.0,0.0,0.0,4.7978125,0.0,3.2842724,0.0,0.0,0.0,0.0,0.0,0.0,0.0,0.0,0.0,0.0,0.0,0.0,0.0,0.0,0.75027716,0.0,0.0,0.0,0.0,0.0,0.0,0.0,0.0,0.0,0.0,0.0,0.0,0.0,0.0,0.29255748,0.0,0.0,0.24241857,0.0,0.0,0.40506628,0.0,0.04179428,0.0,0.0,0.0,0.0,0.0,0.0,0.0,4.543767,0.0,0.0,0.0,0.0,0.0,0.0
116,BRACS_736_N_4,0,0.0,0.0,0.0,0.0,0.0,0.0,0.0,0.0,0.0,1.7723043,0.0,1.2081184,0.0,0.0,0.0,0.0,0.0,0.0,0.0,0.0,0.0,0.0047269366,0.0,0.0,0.0,0.06140262,0.14025563,0.0,0.0,0.0,0.0,0.0,0.0,0.0,0.0,0.0,0.0,0.0,0.0,0.0,0.0,0.10001565,0.0,0.18719336,0.11450481,0.0,0.0,0.13139929,0.0,0.019222489,0.0,0.0,0.0,0.0,0.0,0.0,0.0,1.613068,0.0,0.0,0.0,0.0,0.0,0.0
117,BRACS_283_N_35,0,0.0,0.0,0.0,0.0,0.60904294,0.0,0.0,0.0,0.0,10.139343,0.0,6.7450643,0.0,0.0,0.0,0.0,0.0,0.0,0.0,0.0,0.0,0.039397772,0.0,0.0,0.0,0.0,2.3736792,0.0,0.0,0.0,0.0,0.0,0.0,0.0,0.0,0.0,0.0,0.0,0.0,0.0,0.0,0.4025613,0.0,0.0,0.42863956,0.0,0.0,1.588041,0.0,0.08656347,0.0,0.0,0.0,0.0,0.0,0.0,0.0,8.942133,0.0,0.0,0.0,0.0,0.0,0.0
118,BRACS_280_N_18,0,0.0,0.0,0.0,0.0,0.29832172,0.0,0.0,0.0,0.0,6.0450506,0.0,4.06182,0.0,0.0,0.0,0.0,0.0,0.0,0.0,0.0,0.0,0.021989824,0.0,0.0,0.0,0.0,1.2861354,0.0,0.0,0.0,0.0,0.0,0.0,0.0,0.0,0.0,0.0,0.0,0.0,0.0,0.0,0.26327997,0.0,0.0,0.27091986,0.0,0.0,0.8549063,0.0,0.051909983,0.0,0.0,0.0,0.0,0.0,0.0,0.0,5.383092,0.0,0.0,0.0,0.0,0.0,0.0
119,BRACS_264_N_12,0,0.0,0.0,0.0,0.0,0.86429286,0.0,0.0,0.0,0.0,14.160039,0.0,9.309694,0.0,0.0,0.0,0.0,0.0,0.0,0.0,0.0,0.0,0.07721137,0.0,0.0,0.0,0.0,3.6063018,0.0,0.0,0.0,0.0,0.0,0.0,0.0,0.0,0.0,0.0,0.0,0.0,0.0,0.0,0.45773906,0.0,0.0,0.5607125,0.0,0.0,2.560211,0.0,0.11989465,0.0,0.0,0.0,0.0,0.0,0.0,0.0,12.097161,0.0,0.0,0.0,0.0,0.0,0.0
120,BRACS_760_N_8,0,0.0,0.0,0.0,0.0,0.2631374,0.0,0.0,0.0,0.0,5.5386963,0.0,3.787139,0.0,0.0,0.0,0.0,0.0,0.0,0.0,0.0,0.0,0.0,0.0,0.0,0.0,0.0,0.91177464,0.0,0.0,0.0,0.0,0.0,0.0,0.0,0.0,0.0,0.0,0.0,0.0,0.0,0.0,0.33595747,0.0,0.0,0.2748382,0.0,0.0,0.48474923,0.0,0.047957547,0.0,0.0,0.0,0.0,0.0,0.0,0.0,5.253642,0.0,0.0,0.0,0.0,0.0,0.0
121,BRACS_280_N_12,0,0.0,0.0,0.0,0.0,0.40432334,0.0,0.0,0.0,0.0,6.957265,0.0,4.7277884,0.0,0.0,0.0,0.0,0.0,0.0,0.0,0.0,0.0,0.003906555,0.0,0.0,0.0,0.0,1.322134,0.0,0.0,0.0,0.0,0.0,0.0,0.0,0.0,0.0,0.0,0.0,0.0,0.0,0.0,0.3858894,0.0,0.0,0.32949203,0.0,0.0,0.7416034,0.0,0.0599854,0.0,0.0,0.0,0.0,0.0,0.0,0.0,6.51253,0.0,0.0,0.0,0.0,0.0,0.0
122,BRACS_265_N_1,0,0.0,0.0,0.0,0.0,0.27300853,0.0,0.0,0.0,0.0,5.7435637,0.0,3.8522294,0.0,0.0,0.0,0.0,0.0,0.0,0.0,0.0,0.0,0.021387184,0.0,0.0,0.0,0.0,1.219776,0.0,0.0,0.0,0.0,0.0,0.0,0.0,0.0,0.0,0.0,0.0,0.0,0.0,0.0,0.24943964,0.0,0.0,0.2602225,0.0,0.0,0.7988241,0.0,0.049682327,0.0,0.0,0.0,0.0,0.0,0.0,0.0,5.120978,0.0,0.0,0.0,0.0,0.0,0.0
123,BRACS_734_N_19,0,0.0,0.0,0.0,0.0,0.21274664,0.0,0.0,0.0,0.0,5.0075912,0.0,3.3967657,0.0,0.0,0.0,0.0,0.0,0.0,0.0,0.0,0.0,0.010379663,0.0,0.0,0.0,0.0,0.9248105,0.0,0.0,0.0,0.0,0.0,0.0,0.0,0.0,0.0,0.0,0.0,0.0,0.0,0.0,0.25677383,0.0,0.0,0.2385541,0.0,0.0,0.5755234,0.0,0.04320769,0.0,0.0,0.0,0.0,0.0,0.0,0.0,4.5774546,0.0,0.0,0.0,0.0,0.0,0.0
124,BRACS_280_N_16,0,0.0,0.0,0.0,0.0,0.93499553,0.0,0.0,0.0,0.0,13.345964,0.0,8.967148,0.0,0.0,0.0,0.0,0.0,0.0,0.0,0.0,0.0,0.011612019,0.0,0.0,0.0,0.0,2.8585784,0.0,0.0,0.0,0.0,0.0,0.0,0.0,0.0,0.0,0.0,0.0,0.0,0.0,0.0,0.68661505,0.0,0.0,0.59912324,0.0,0.0,1.6178956,0.0,0.11505853,0.0,0.0,0.0,0.0,0.0,0.0,0.0,12.3863735,0.0,0.0,0.0,0.0,0.0,0.0
125,BRACS_300_N_14,0,0.0,0.0,0.0,0.0,0.13547955,0.0,0.0,0.0,0.0,3.9261847,0.0,2.682487,0.0,0.0,0.0,0.0,0.0,0.0,0.0,0.0,0.0,0.0062052966,0.0,0.0,0.0,0.0,0.65171766,0.0,0.0,0.0,0.0,0.0,0.0,0.0,0.0,0.0,0.0,0.0,0.0,0.0,0.0,0.21636276,0.0,0.0,0.19679217,0.0,0.0,0.39761034,0.0,0.034203824,0.0,0.0,0.0,0.0,0.0,0.0,0.0,3.6266634,0.0,0.0,0.0,0.0,0.0,0.0
126,BRACS_1511_N_2,0,0.0,0.0,0.0,0.0,0.10590245,0.0,0.0,0.0,0.0,3.6787152,0.0,2.543079,0.0,0.0,0.0,0.0,0.0,0.0,0.0,0.0,0.0,0.0,0.0,0.0,0.0,0.0,0.46657667,0.0,0.0,0.0,0.0,0.0,0.0,0.0,0.0,0.0,0.0,0.0,0.0,0.0,0.0,0.24692811,0.0,0.0,0.197059,0.0,0.0,0.2360574,0.0,0.032220777,0.0,0.0,0.0,0.0,0.0,0.0,0.0,3.5330997,0.0,0.0,0.0,0.0,0.0,0.0
127,BRACS_760_N_18,0,0.0,0.0,0.0,0.0,0.20191364,0.0,0.0,0.0,0.0,4.674489,0.0,3.1820629,0.0,0.0,0.0,0.0,0.0,0.0,0.0,0.0,0.0,0.008545408,0.0,0.0,0.0,0.0,0.84625673,0.0,0.0,0.0,0.0,0.0,0.0,0.0,0.0,0.0,0.0,0.0,0.0,0.0,0.0,0.24843852,0.0,0.0,0.22617723,0.0,0.0,0.51618326,0.0,0.04037878,0.0,0.0,0.0,0.0,0.0,0.0,0.0,4.300024,0.0,0.0,0.0,0.0,0.0,0.0
128,BRACS_265_N_2,0,0.0,0.0,0.0,0.0,0.092097834,0.0,0.0,0.0,0.0,3.5602987,0.0,2.4376879,0.0,0.0,0.0,0.0,0.0,0.0,0.0,0.0,0.0,0.0038561109,0.0,0.0,0.0,0.0,0.52724004,0.0,0.0,0.0,0.0,0.0,0.0,0.0,0.0,0.0,0.0,0.0,0.0,0.0,0.0,0.20615675,0.0,0.0,0.18355718,0.0,0.0,0.3174059,0.0,0.031099016,0.0,0.0,0.0,0.0,0.0,0.0,0.0,3.3091743,0.0,0.0,0.0,0.0,0.0,0.0
129,BRACS_280_N_1,0,0.0,0.0,0.0,0.0,0.80907285,0.0,0.0,0.0,0.0,11.879062,0.0,7.97507,0.0,0.0,0.0,0.0,0.0,0.0,0.0,0.0,0.0,0.015598768,0.0,0.0,0.0,0.0,2.5758474,0.0,0.0,0.0,0.0,0.0,0.0,0.0,0.0,0.0,0.0,0.0,0.0,0.0,0.0,0.58958864,0.0,0.0,0.53173393,0.0,0.0,1.497722,0.0,0.10261768,0.0,0.0,0.0,0.0,0.0,0.0,0.0,10.955742,0.0,0.0,0.0,0.0,0.0,0.0
130,BRACS_1593_N_3,0,0.0,0.0,0.0,0.0,0.114799514,0.0,0.0,0.0,0.0,3.7199984,0.0,2.5692914,0.0,0.0,0.0,0.0,0.0,0.0,0.0,0.0,0.0,0.0,0.0,0.0,0.0,0.0,0.4938176,0.0,0.0,0.0,0.0,0.0,0.0,0.0,0.0,0.0,0.0,0.0,0.0,0.0,0.0,0.24515769,0.0,0.0,0.19760425,0.0,0.0,0.25331512,0.0,0.032492634,0.0,0.0,0.0,0.0,0.0,0.0,0.0,3.5619242,0.0,0.0,0.0,0.0,0.0,0.0
131,BRACS_280_N_17,0,0.0,0.0,0.0,0.0,0.2631685,0.0,0.0,0.0,0.0,5.2839932,0.0,3.6105728,0.0,0.0,0.0,0.0,0.0,0.0,0.0,0.0,0.0,0.0010922062,0.0,0.0,0.0,0.0,0.91566336,0.0,0.0,0.0,0.0,0.0,0.0,0.0,0.0,0.0,0.0,0.0,0.0,0.0,0.0,0.30728257,0.0,0.0,0.26128054,0.0,0.0,0.503338,0.0,0.0460318,0.0,0.0,0.0,0.0,0.0,0.0,0.0,4.9845815,0.0,0.0,0.0,0.0,0.0,0.0
132,BRACS_758_N_3,0,0.0,0.0,0.0,0.0,0.62582475,0.0,0.0,0.0,0.0,9.886384,0.0,6.6405272,0.0,0.0,0.0,0.0,0.0,0.0,0.0,0.0,0.0,0.014775036,0.0,0.0,0.0,0.0,2.0919676,0.0,0.0,0.0,0.0,0.0,0.0,0.0,0.0,0.0,0.0,0.0,0.0,0.0,0.0,0.4915589,0.0,0.0,0.44557303,0.0,0.0,1.2362044,0.0,0.08524269,0.0,0.0,0.0,0.0,0.0,0.0,0.0,9.080779,0.0,0.0,0.0,0.0,0.0,0.0
133,BRACS_760_N_10,0,0.0,0.0,0.0,0.0,0.45565814,0.0,0.0,0.0,0.0,7.60597,0.0,5.170717,0.0,0.0,0.0,0.0,0.0,0.0,0.0,0.0,0.0,0.0,0.0,0.0,0.0,0.0,1.418463,0.0,0.0,0.0,0.0,0.0,0.0,0.0,0.0,0.0,0.0,0.0,0.0,0.0,0.0,0.4382767,0.0,0.0,0.36232373,0.0,0.0,0.76258254,0.0,0.06565031,0.0,0.0,0.0,0.0,0.0,0.0,0.0,7.1764097,0.0,0.0,0.0,0.0,0.0,0.0
134,BRACS_1645_N_1,0,0.0,0.0,0.0,0.0,0.4749357,0.0,0.0,0.0,0.0,7.8695183,0.0,5.307802,0.0,0.0,0.0,0.0,0.0,0.0,0.0,0.0,0.0,0.012364224,0.0,0.0,0.0,0.0,1.6192236,0.0,0.0,0.0,0.0,0.0,0.0,0.0,0.0,0.0,0.0,0.0,0.0,0.0,0.0,0.39807576,0.0,0.0,0.36110243,0.0,0.0,0.95797884,0.0,0.06794765,0.0,0.0,0.0,0.0,0.0,0.0,0.0,7.247498,0.0,0.0,0.0,0.0,0.0,0.0
135,BRACS_1933_N_8,0,0.0,0.0,0.0,0.0,0.004670128,0.0,0.0,0.0,0.0,2.530427,0.0,1.7654346,0.0,0.0,0.0,0.0,0.0,0.0,0.0,0.0,0.0,0.0,0.0,0.0,0.0,0.0,0.21501684,0.0,0.0,0.0,0.0,0.0,0.0,0.0,0.0,0.0,0.0,0.0,0.0,0.0,0.0,0.18177928,0.0,0.0,0.14653495,0.0,0.0,0.107670546,0.0,0.022442661,0.0,0.0,0.0,0.0,0.0,0.0,0.0,2.4364781,0.0,0.0,0.0,0.0,0.0,0.0
136,BRACS_281_N_10,0,0.0,0.0,0.0,0.0,0.2880376,0.0,0.0,0.0,0.0,5.668583,0.0,3.801553,0.0,0.0,0.0,0.0,0.0,0.0,0.0,0.0,0.0,0.0247265,0.0,0.0,0.0,0.0,1.255551,0.0,0.0,0.0,0.0,0.0,0.0,0.0,0.0,0.0,0.0,0.0,0.0,0.0,0.0,0.23189376,0.0,0.0,0.25936952,0.0,0.0,0.82261,0.0,0.05010039,0.0,0.0,0.0,0.0,0.0,0.0,0.0,5.073463,0.0,0.0,0.0,0.0,0.0,0.0
137,BRACS_265_N_12,0,0.0,0.0,0.0,0.0,0.39514083,0.0,0.0,0.0,0.0,6.768204,0.0,4.5589566,0.0,0.0,0.0,0.0,0.0,0.0,0.0,0.0,0.0,0.014798664,0.0,0.0,0.0,0.0,1.4034371,0.0,0.0,0.0,0.0,0.0,0.0,0.0,0.0,0.0,0.0,0.0,0.0,0.0,0.0,0.33345997,0.0,0.0,0.31738344,0.0,0.0,0.8218069,0.0,0.059643086,0.0,0.0,0.0,0.0,0.0,0.0,0.0,6.2488747,0.0,0.0,0.0,0.0,0.0,0.0
138,BRACS_280_N_9,0,0.0,0.0,0.0,0.0,0.43470514,0.0,0.030298635,0.0,0.0,8.627406,0.0,5.67808,0.0,0.0,0.0,0.0,0.0,0.0,0.0,0.0,0.0,0.061230022,0.0,0.0,0.0,0.0,2.2090523,0.0,0.0,0.0,0.0,0.0,0.0,0.0,0.0,0.0,0.0,0.0,0.0,0.0,0.0,0.23364294,0.0,0.0,0.33804074,0.0,0.0,1.6864061,0.0,0.072705716,0.0,0.0,0.0,0.0,0.0,0.0,0.0,7.1796637,0.0,0.0,0.0,0.0,0.0,0.0
139,BRACS_1640_N_4,0,0.0,0.0,0.0,0.0,0.0,0.0,0.0,0.0,0.0,0.3438795,0.0,0.2857604,0.0,0.0,0.0,0.0,0.09909159,0.0,0.0,0.0,0.0,0.0,0.0,0.0,0.0,0.33426,0.0,0.0,0.0,0.0,0.0,0.0,0.0,0.0,0.0,0.0,0.0,0.0,0.0,0.0,0.0,0.055002756,0.110751376,0.46799663,0.050610602,0.0,0.0,0.0,0.0,0.0038336061,0.0,0.0,0.0,0.0,0.0,0.0,0.0,0.3196513,0.0,0.0,0.0,0.0,0.0,0.0
140,BRACS_1584_N_1,0,0.0,0.0,0.0,0.0,0.0,0.0,0.0,0.0,0.0,2.274083,0.0,1.5903934,0.0,0.0,0.0,0.0,0.0,0.0,0.0,0.0,0.0,0.0,0.0,0.0,0.0,0.0,0.15340874,0.0,0.0,0.0,0.0,0.0,0.0,0.0,0.0,0.0,0.0,0.0,0.0,0.0,0.0,0.16494153,0.0,0.0,0.13477528,0.0,0.0,0.08151558,0.0,0.02022981,0.0,0.0,0.0,0.0,0.0,0.0,0.0,2.1808856,0.0,0.0,0.0,0.0,0.0,0.0
141,BRACS_1235_N_8,0,0.0,0.0,0.0,0.0,0.0,0.0,0.0,0.0,0.0,0.0,0.0,0.0,0.0,0.0,0.0,0.0,0.30678895,0.0,0.0,0.0,0.0,0.0,0.0,0.0,0.0,1.0446002,0.0,0.0,0.0,0.0,0.0,0.0,0.0,0.0,0.0,0.0,0.0,0.0,0.0,0.0,0.0,0.0,0.6029802,1.367276,0.04066075,0.0,0.0,0.0,0.0,0.005441365,0.0,0.0,0.0,0.0,0.0,0.0,0.0,0.0,0.0,0.0,0.0,0.0,0.0,0.0
142,BRACS_286_N_32,0,0.0,0.0,0.0,0.0,0.1565202,0.0,0.0,0.0,0.0,3.8852625,0.0,2.6690059,0.0,0.0,0.0,0.0,0.0,0.0,0.0,0.0,0.0,0.0,0.0,0.0,0.0,0.0,0.5928689,0.0,0.0,0.0,0.0,0.0,0.0,0.0,0.0,0.0,0.0,0.0,0.0,0.0,0.0,0.23489343,0.0,0.0,0.20806475,0.0,0.0,0.3221502,0.0,0.03614706,0.0,0.0,0.0,0.0,0.0,0.0,0.0,3.6869617,0.0,0.0,0.0,0.0,0.0,0.0
143,BRACS_264_N_22,0,0.0,0.0,0.0,0.0,0.29914486,0.0,0.0,0.0,0.0,5.8550353,0.0,3.9523807,0.0,0.0,0.0,0.0,0.0,0.0,0.0,0.0,0.0,0.014470946,0.0,0.0,0.0,0.0,1.1749165,0.0,0.0,0.0,0.0,0.0,0.0,0.0,0.0,0.0,0.0,0.0,0.0,0.0,0.0,0.28633285,0.0,0.0,0.27276564,0.0,0.0,0.72356236,0.0,0.050736994,0.0,0.0,0.0,0.0,0.0,0.0,0.0,5.339785,0.0,0.0,0.0,0.0,0.0,0.0
144,BRACS_300_N_2,0,0.0,0.0,0.0,0.0,0.0,0.0,0.0,0.0,0.0,1.7742606,0.0,1.2227397,0.0,0.0,0.0,0.0,0.0,0.0,0.0,0.0,0.0,0.0048782895,0.0,0.0,0.0,0.0,0.09706819,0.0,0.0,0.0,0.0,0.0,0.0,0.0,0.0,0.0,0.0,0.0,0.0,0.0,0.0,0.105156735,0.0,0.05166316,0.1065529,0.0,0.0,0.098831266,0.0,0.016075613,0.0,0.0,0.0,0.0,0.0,0.0,0.0,1.6032109,0.0,0.0,0.0,0.0,0.0,0.0
145,BRACS_1896_N_2,0,0.0,0.0,0.0,0.0,0.0,0.0,0.0,0.0,0.0,0.9316927,0.0,0.68002975,0.0,0.0,0.0,0.0,0.0,0.0,0.0,0.0,0.0,0.0,0.0,0.0,0.0,0.14717007,0.0,0.0,0.0,0.0,0.0,0.0,0.0,0.0,0.0,0.0,0.0,0.0,0.0,0.0,0.0,0.09159275,0.0,0.24029529,0.07952812,0.0,0.0,0.0,0.0,0.009707491,0.0,0.0,0.0,0.0,0.0,0.0,0.0,0.90149415,0.0,0.0,0.0,0.0,0.0,0.0
146,BRACS_1324_PB_5,1,0.0,0.0,0.0,0.0,0.0,0.0,0.0,0.0,0.0,0.0,0.0,0.0,0.0,0.0,0.0,0.0,1.1212678,0.0,0.0,0.0,0.0,0.0063672927,0.0,0.0,0.0,6.436097,0.0,0.0,0.0,0.0,0.0,0.0,0.0,0.0,0.0,0.0,0.0,0.0,0.0,0.0,0.0,0.0,3.704103,7.7562666,0.060968988,0.0,0.0,0.0,0.0,0.043124318,0.0,0.0,0.0,0.0,0.0,0.0,0.0,0.0,0.0,0.0,0.0,0.0,0.0,0.0
147,BRACS_1242_PB_2,1,0.0,0.0,0.0,0.0,0.0,0.0,0.0,0.0,0.0,0.0,0.0,0.0,0.0,0.0,0.0,0.0,0.9717761,0.0,0.0,0.0,0.0,0.00732422,0.0,0.0,0.0,5.5046353,0.0,0.0,0.0,0.0,0.0,0.0,0.0,0.0,0.0,0.0,0.0,0.0,0.0,0.0,0.0,0.0,3.1364875,6.588973,0.055846073,0.0,0.0,0.0047251955,0.0,0.036654234,0.0,0.0,0.0,0.0,0.0,0.0,0.0,0.0,0.0,0.0,0.0,0.0,0.0,0.0
148,BRACS_1255_PB_4,1,0.0,0.0,0.0,0.0,0.0,0.0,0.0,0.0,0.0,0.0,0.0,0.0,0.0,0.0,0.0,0.0,0.41643703,0.0,0.0,0.0,0.0,0.0,0.0,0.0,0.0,1.770443,0.0,0.0,0.0,0.0,0.0,0.0,0.0,0.0,0.0,0.0,0.0,0.0,0.0,0.0,0.0,0.0,1.0273381,2.2100077,0.04120778,0.0,0.0,0.0,0.0,0.010345997,0.0,0.0,0.0,0.0,0.0,0.0,0.0,0.0,0.0,0.0,0.0,0.0,0.0,0.0
149,BRACS_1320_PB_20,1,0.0,0.0,0.0,0.0,0.0,0.0,0.0,0.0,0.0,0.1153785,0.0,0.08047728,0.0,0.0,0.0,0.0,0.17803764,0.0,0.0,0.0,0.0,0.0,0.0,0.0,0.0,0.71167594,0.0,0.0,0.0,0.0,0.0,0.0,0.0,0.0,0.0,0.0,0.0,0.0,0.0,0.0,0.0,0.021601973,0.35436782,0.90198016,0.049905673,0.0,0.0,0.0,0.0,0.006272724,0.0,0.0,0.0,0.0,0.0,0.0,0.0,0.07008692,0.0,0.0,0.0,0.0,0.0,0.0
150,BRACS_1319_PB_10,1,0.0,0.0,0.0,0.0,0.0,0.0,0.0,0.0,0.0,0.0,0.0,0.0,0.0,0.0,0.0,0.0,0.2810328,0.0,0.0,0.0,0.0,0.0,0.0,0.0,0.0,0.93283874,0.0,0.0,0.0,0.0,0.0,0.0,0.0,0.0,0.0,0.0,0.0,0.0,0.0,0.0,0.0,0.0,0.5311124,1.2144628,0.04048003,0.0,0.0,0.0,0.0,0.004763553,0.0,0.0,0.0,0.0,0.0,0.0,0.0,0.0,0.0,0.0,0.0,0.0,0.0,0.0
151,BRACS_1486_PB_11,1,0.0,0.0,0.0,0.0,0.0,0.0,0.0,0.0,0.0,0.12132369,0.0,0.12186389,0.0,0.0,0.0,0.0,0.17692725,0.0,0.0,0.0,0.0,0.0,0.0,0.0,0.0,0.47306952,0.0,0.0,0.0,0.0,0.0,0.0,0.0,0.0,0.0,0.0,0.0,0.0,0.0,0.0,0.0,0.037422657,0.22943605,0.6775483,0.04232199,0.0,0.0,0.0,0.0,0.002343902,0.0,0.0,0.0,0.0,0.0,0.0,0.0,0.0895808,0.0,0.0,0.0,0.0,0.0,0.0
152,BRACS_1330_PB_3,1,0.0,0.0,0.0,0.0,0.0,0.0,0.0,0.0,0.0,0.24252081,0.0,0.18417214,0.0,0.0,0.0,0.0,0.14065811,0.0,0.0,0.0,0.0,0.0,0.0,0.0,0.0,0.56846035,0.0,0.0,0.0,0.0,0.0,0.0,0.0,0.0,0.0,0.0,0.0,0.0,0.0,0.0,0.0,0.034331445,0.26005608,0.7311079,0.052213456,0.0,0.0,0.0,0.0,0.005957109,0.0,0.0,0.0,0.0,0.0,0.0,0.0,0.20127577,0.0,0.0,0.0,0.0,0.0,0.0
153,BRACS_1257_PB_3,1,0.0,0.0,0.0,0.0,0.0,0.0,0.0,0.0,0.0,0.0,0.0,0.0,0.0,0.0,0.0,0.0,0.41763085,0.0,0.0,0.0,0.0,0.0,0.0,0.0,0.0,1.6717181,0.0,0.0,0.0,0.0,0.0,0.0,0.0,0.0,0.0,0.0,0.0,0.0,0.0,0.0,0.0,0.0,0.9769953,2.0879958,0.04159629,0.0,0.0,0.0,0.0,0.00950373,0.0,0.0,0.0,0.0,0.0,0.0,0.0,0.0,0.0,0.0,0.0,0.0,0.0,0.0
154,BRACS_1238_PB_9,1,0.0,0.0,0.0,0.0,0.0,0.0,0.0,0.0,0.0,0.0,0.0,0.0,0.0,0.0,0.0,0.0,0.90456325,0.0,0.0,0.0,0.0,0.003527306,0.0,0.0,0.0,4.849057,0.0,0.0,0.0,0.0,0.0,0.0,0.0,0.0,0.0,0.0,0.0,0.0,0.0,0.0,0.0,0.0,2.824915,5.8663454,0.053463712,0.0,0.0,0.0,0.0,0.031404465,0.0,0.0,0.0,0.0,0.0,0.0,0.0,0.0,0.0,0.0,0.0,0.0,0.0,0.0
155,BRACS_1239_PB_4,1,0.0,0.0,0.0,0.0,0.0,0.0,0.0,0.0,0.0,0.0,0.0,0.0,0.0,0.0,0.0,0.0,0.7721187,0.0,0.0,0.0,0.0,0.0035365224,0.0,0.0,0.0,4.1495323,0.0,0.0,0.0,0.0,0.0,0.0,0.0,0.0,0.0,0.0,0.0,0.0,0.0,0.0,0.0,0.0,2.3790367,5.0267725,0.049584955,0.0,0.0,0.0,0.0,0.026984962,0.0,0.0,0.0,0.0,0.0,0.0,0.0,0.0,0.0,0.0,0.0,0.0,0.0,0.0
156,BRACS_1318_PB_10,1,0.0,0.0,0.0,0.0,0.0,0.0,0.0,0.0,0.0,0.0,0.0,0.0,0.0,0.0,0.0,0.0,0.38546008,0.0,0.0,0.0,0.0,0.0,0.0,0.0,0.0,1.4733291,0.0,0.0,0.0,0.0,0.0,0.0,0.0,0.0,0.0,0.0,0.0,0.0,0.0,0.0,0.0,0.0,0.86984366,1.9114063,0.04377539,0.0,0.0,0.0,0.0,0.008257001,0.0,0.0,0.0,0.0,0.0,0.0,0.0,0.0,0.0,0.0,0.0,0.0,0.0,0.0
157,BRACS_1324_PB_7,1,0.0,0.0,0.0,0.0,0.0,0.0,0.0,0.0,0.0,0.0,0.0,0.0,0.0,0.0,0.0,0.0,1.1332002,0.0,0.0,0.0,0.0,0.0016794811,0.0,0.0,0.0,6.350609,0.0,0.0,0.0,0.0,0.0,0.0,0.0,0.0,0.0,0.0,0.0,0.0,0.0,0.0,0.0,0.0,3.7175262,7.762539,0.061446212,0.0,0.0,0.0,0.0,0.041923504,0.0,0.0,0.0,0.0,0.0,0.0,0.0,0.0,0.0,0.0,0.0,0.0,0.0,0.0
158,BRACS_1231_PB_13,1,0.0,0.0,0.0,0.0,0.0,0.0,0.0,0.0,0.0,0.0,0.0,0.0,0.0,0.0,0.0,0.0,0.8430226,0.0,0.0,0.0,0.0,0.0044564824,0.0,0.0,0.0,4.5827713,0.0,0.0,0.0,0.0,0.0,0.0,0.0,0.0,0.0,0.0,0.0,0.0,0.0,0.0,0.0,0.0,2.634619,5.5228786,0.0530155,0.0,0.0,0.0,0.0,0.030082667,0.0,0.0,0.0,0.0,0.0,0.0,0.0,0.0,0.0,0.0,0.0,0.0,0.0,0.0
159,BRACS_1486_PB_7,1,0.0,0.0,0.0,0.0,0.0,0.0,0.0,0.0,0.0,0.24762091,0.0,0.19760261,0.0,0.0,0.0,0.0,0.14287734,0.0,0.0,0.0,0.0,0.0,0.0,0.0,0.0,0.47785932,0.0,0.0,0.0,0.0,0.0,0.0,0.0,0.0,0.0,0.0,0.0,0.0,0.0,0.0,0.0,0.03896423,0.21477225,0.6427337,0.0493093,0.0,0.0,0.0,0.0,0.00452883,0.0,0.0,0.0,0.0,0.0,0.0,0.0,0.21006458,0.0,0.0,0.0,0.0,0.0,0.0
160,BRACS_1486_PB_4,1,0.0,0.0,0.0,0.0,0.0,0.0,0.0,0.0,0.0,0.0,0.0,0.0,0.0,0.0,0.0,0.0,0.2758938,0.0,0.0,0.0,0.0,0.0,0.0,0.0,0.0,0.8553481,0.0,0.0,0.0,0.0,0.0,0.0,0.0,0.0,0.0,0.0,0.0,0.0,0.0,0.0,0.0,0.003329618,0.488545,1.1632639,0.041716114,0.0,0.0,0.0,0.0,0.004254139,0.0,0.0,0.0,0.0,0.0,0.0,0.0,0.0,0.0,0.0,0.0,0.0,0.0,0.0
161,BRACS_1253_PB_4,1,0.0,0.0,0.0,0.0,0.0,0.0,0.0,0.0,0.0,0.0,0.0,0.0,0.0,0.0,0.0,0.0,0.28307068,0.0,0.0,0.0,0.0,0.0,0.0,0.0,0.0,0.8790277,0.0,0.0,0.0,0.0,0.0,0.0,0.0,0.0,0.0,0.0,0.0,0.0,0.0,0.0,0.0,0.0015031751,0.50548077,1.191186,0.041860748,0.0,0.0,0.0,0.0,0.0043663103,0.0,0.0,0.0,0.0,0.0,0.0,0.0,0.0,0.0,0.0,0.0,0.0,0.0,0.0
162,BRACS_1330_PB_2,1,0.0,0.0,0.0,0.0,0.0,0.0,0.0,0.0,0.0,0.0,0.0,0.0,0.0,0.0,0.0,0.0,0.38121447,0.0,0.0,0.0,0.0,0.0,0.0,0.0,0.0,1.5218949,0.0,0.0,0.0,0.0,0.0,0.0,0.0,0.0,0.0,0.0,0.0,0.0,0.0,0.0,0.0,0.0,0.88712937,1.938908,0.042203054,0.0,0.0,0.0,0.0,0.00865597,0.0,0.0,0.0,0.0,0.0,0.0,0.0,0.0,0.0,0.0,0.0,0.0,0.0,0.0
163,BRACS_1325_PB_12,1,0.0,0.0,0.0,0.0,0.0,0.0,0.0,0.0,0.0,0.0,0.0,0.0,0.0,0.0,0.0,0.0,0.29598823,0.0,0.0,0.0,0.0,0.0,0.0,0.0,0.0,1.0217143,0.0,0.0,0.0,0.0,0.0,0.0,0.0,0.0,0.0,0.0,0.0,0.0,0.0,0.0,0.0,0.0,0.5858806,1.3171635,0.040545844,0.0,0.0,0.0,0.0,0.005338967,0.0,0.0,0.0,0.0,0.0,0.0,0.0,0.0,0.0,0.0,0.0,0.0,0.0,0.0
164,BRACS_1324_PB_4,1,0.0,0.0,0.0,0.0,0.0,0.0,0.0,0.0,0.0,0.0,0.0,0.0,0.0,0.0,0.0,0.0,1.816565,0.0,0.0,0.0,0.0,0.012385298,0.0,0.0,0.0,11.076787,0.0,0.0,0.0,0.0,0.0,0.0,0.0,0.0,0.0,0.0,0.0,0.0,0.0,0.0,0.0,0.0,6.3740864,13.316858,0.07938801,0.0,0.0,0.12306319,0.0,0.07534455,0.0,0.0,0.0,0.0,0.0,0.0,0.0,0.0,0.0,0.0,0.0,0.0,0.0,0.0
165,BRACS_1240_PB_12,1,0.0,0.0,0.0,0.0,0.0,0.0,0.0,0.0,0.0,0.0,0.0,0.0,0.0,0.0,0.0,0.0,0.7548289,0.0,0.0,0.0,0.0,0.002586576,0.0,0.0,0.0,3.8911352,0.0,0.0,0.0,0.0,0.0,0.0,0.0,0.0,0.0,0.0,0.0,0.0,0.0,0.0,0.0,0.0,2.2636273,4.7138834,0.04912755,0.0,0.0,0.0,0.0,0.024823554,0.0,0.0,0.0,0.0,0.0,0.0,0.0,0.0,0.0,0.0,0.0,0.0,0.0,0.0
166,BRACS_1319_PB_18,1,0.0,0.0,0.0,0.0,0.0,0.0,0.0,0.0,0.0,0.0,0.0,0.0,0.0,0.0,0.0,0.0,0.32153416,0.0,0.0,0.0,0.0,0.0,0.0,0.0,0.0,1.1344612,0.0,0.0,0.0,0.0,0.0,0.0,0.0,0.0,0.0,0.0,0.0,0.0,0.0,0.0,0.0,0.0,0.6576964,1.4813268,0.04168178,0.0,0.0,0.0,0.0,0.0060555935,0.0,0.0,0.0,0.0,0.0,0.0,0.0,0.0,0.0,0.0,0.0,0.0,0.0,0.0
167,BRACS_1235_PB_10,1,0.0,0.0,0.0,0.0,0.0,0.0,0.0,0.0,0.0,0.0,0.0,0.0,0.0,0.0,0.0,0.0,0.41957045,0.0,0.0,0.0,0.0,0.0,0.0,0.0,0.0,2.0361814,0.0,0.0,0.0,0.0,0.0,0.0,0.0,0.0,0.0,0.0,0.0,0.0,0.0,0.0,0.0,0.0,1.1560185,2.536037,0.048563566,0.0,0.0,0.0,0.0,0.013144385,0.0,0.0,0.0,0.0,0.0,0.0,0.0,0.0,0.0,0.0,0.0,0.0,0.0,0.0
168,BRACS_1319_PB_8,1,0.0,0.0,0.0,0.0,0.0,0.0,0.0,0.0,0.0,0.0,0.0,0.0,0.0,0.0,0.0,0.0,0.38998592,0.0,0.0,0.0,0.0,0.0,0.0,0.0,0.0,1.5591595,0.0,0.0,0.0,0.0,0.0,0.0,0.0,0.0,0.0,0.0,0.0,0.0,0.0,0.0,0.0,0.0,0.9125338,1.9852397,0.04298461,0.0,0.0,0.0,0.0,0.008867163,0.0,0.0,0.0,0.0,0.0,0.0,0.0,0.0,0.0,0.0,0.0,0.0,0.0,0.0
169,BRACS_1253_PB_5,1,0.0,0.0,0.0,0.0,0.0,0.0,0.0,0.0,0.0,0.9156501,0.0,0.64602596,0.0,0.0,0.0,0.0,0.0,0.0,0.0,0.0,0.0,0.0,0.0,0.0,0.0,0.2390202,0.0,0.0,0.0,0.0,0.0,0.0,0.0,0.0,0.0,0.0,0.0,0.0,0.0,0.0,0.0,0.0776501,0.00019536912,0.38780725,0.07913045,0.0,0.0,0.0,0.0,0.010296573,0.0,0.0,0.0,0.0,0.0,0.0,0.0,0.8529269,0.0,0.0,0.0,0.0,0.0,0.0
170,BRACS_1324_PB_3,1,0.0,0.0,0.0,0.0,0.0,0.0,0.0,0.0,0.0,0.0,0.0,0.0,0.0,0.0,0.0,0.0,1.5289896,0.0,0.0,0.0,0.0,0.010120343,0.0,0.0,0.0,9.179932,0.0,0.0,0.0,0.0,0.0,0.0,0.0,0.0,0.0,0.0,0.0,0.0,0.0,0.0,0.0,0.0,5.2760115,11.042718,0.072537355,0.0,0.0,0.07527466,0.0,0.06230763,0.0,0.0,0.0,0.0,0.0,0.0,0.0,0.0,0.0,0.0,0.0,0.0,0.0,0.0
171,BRACS_1238_PB_51,1,0.0,0.0,0.0,0.0,0.0,0.0,0.0,0.0,0.0,0.0,0.0,0.0,0.0,0.0,0.0,0.0,1.447382,0.0,0.0,0.0,0.0,0.014931468,0.0,0.0,0.0,8.845986,0.0,0.0,0.0,0.0,0.0,0.0,0.0,0.0,0.0,0.0,0.0,0.0,0.0,0.0,0.0,0.0,4.9913373,10.520259,0.07113513,0.0,0.0,0.14801535,0.0,0.060781755,0.0,0.0,0.0,0.0,0.0,0.0,0.0,0.0,0.0,0.0,0.0,0.0,0.0,0.0
172,BRACS_1318_PB_4,1,0.0,0.0,0.0,0.0,0.0,0.0,0.0,0.0,0.0,0.0,0.0,0.0,0.0,0.0,0.0,0.0,0.56742144,0.0,0.0,0.0,0.0,0.0,0.0,0.0,0.0,2.61017,0.0,0.0,0.0,0.0,0.0,0.0,0.0,0.0,0.0,0.0,0.0,0.0,0.0,0.0,0.0,0.0,1.5490113,3.271918,0.04689093,0.0,0.0,0.0,0.0,0.015813356,0.0,0.0,0.0,0.0,0.0,0.0,0.0,0.0,0.0,0.0,0.0,0.0,0.0,0.0
173,BRACS_1250_PB_1,1,0.0,0.0,0.0,0.0,0.0,0.0,0.0,0.0,0.0,0.0,0.0,0.0,0.0,0.0,0.0,0.0,0.8766135,0.0,0.0,0.0,0.0,0.007422767,0.0,0.0,0.0,4.9056096,0.0,0.0,0.0,0.0,0.0,0.0,0.0,0.0,0.0,0.0,0.0,0.0,0.0,0.0,0.0,0.0,2.778935,5.8508606,0.05341889,0.0,0.0,0.0030569136,0.0,0.032637537,0.0,0.0,0.0,0.0,0.0,0.0,0.0,0.0,0.0,0.0,0.0,0.0,0.0,0.0
174,BRACS_1242_PB_5,1,0.0,0.0,0.0,0.0,0.0,0.0,0.0,0.0,0.0,0.0,0.0,0.0,0.0,0.0,0.0,0.0,0.63805616,0.0,0.0,0.0,0.0,0.00045413966,0.0,0.0,0.0,3.0944245,0.0,0.0,0.0,0.0,0.0,0.0,0.0,0.0,0.0,0.0,0.0,0.0,0.0,0.0,0.0,0.0,1.8137944,3.7942908,0.046336137,0.0,0.0,0.0,0.0,0.019201133,0.0,0.0,0.0,0.0,0.0,0.0,0.0,0.0,0.0,0.0,0.0,0.0,0.0,0.0
175,BRACS_1320_PB_8,1,0.0,0.0,0.0,0.0,0.0,0.0,0.0,0.0,0.0,0.0,0.0,0.0,0.0,0.0,0.0,0.0,0.68176794,0.0,0.0,0.0,0.0,0.000613248,0.0,0.0,0.0,3.3414445,0.0,0.0,0.0,0.0,0.0,0.0,0.0,0.0,0.0,0.0,0.0,0.0,0.0,0.0,0.0,0.0,1.9661071,4.0866947,0.047236063,0.0,0.0,0.0,0.0,0.02081907,0.0,0.0,0.0,0.0,0.0,0.0,0.0,0.0,0.0,0.0,0.0,0.0,0.0,0.0
176,BRACS_1238_PB_4,1,0.0,0.0,0.0,0.0,0.0,0.0,0.0,0.0,0.0,0.0,0.0,0.0,0.0,0.0,0.0,0.0,0.72462106,0.0,0.0,0.0,0.0,0.00559311,0.0,0.0,0.0,3.8473673,0.0,0.0,0.0,0.0,0.0,0.0,0.0,0.0,0.0,0.0,0.0,0.0,0.0,0.0,0.0,0.0,2.1851597,4.593014,0.04846566,0.0,0.0,0.0,0.0,0.025019404,0.0,0.0,0.0,0.0,0.0,0.0,0.0,0.0,0.0,0.0,0.0,0.0,0.0,0.0
177,BRACS_1255_PB_3,1,0.0,0.0,0.0,0.0,0.0,0.0,0.0,0.0,0.0,0.0,0.0,0.0,0.0,0.0,0.0,0.0,0.6341833,0.0,0.0,0.0,0.0,0.002219431,0.0,0.0,0.0,3.1554425,0.0,0.0,0.0,0.0,0.0,0.0,0.0,0.0,0.0,0.0,0.0,0.0,0.0,0.0,0.0,0.0,1.8224013,3.8340402,0.04604253,0.0,0.0,0.0,0.0,0.019860215,0.0,0.0,0.0,0.0,0.0,0.0,0.0,0.0,0.0,0.0,0.0,0.0,0.0,0.0
178,BRACS_1257_PB_4,1,0.0,0.0,0.0,0.0,0.0,0.0,0.0,0.0,0.0,0.0,0.0,0.0,0.0,0.0,0.0,0.0,0.7847181,0.0,0.0,0.0,0.0,0.0024516126,0.0,0.0,0.0,4.130472,0.0,0.0,0.0,0.0,0.0,0.0,0.0,0.0,0.0,0.0,0.0,0.0,0.0,0.0,0.0,0.0,2.3922288,5.018879,0.05116,0.0,0.0,0.0,0.0,0.02665829,0.0,0.0,0.0,0.0,0.0,0.0,0.0,0.0,0.0,0.0,0.0,0.0,0.0,0.0
179,BRACS_1231_PB_40,1,0.0,0.0,0.0,0.0,0.0,0.0,0.0,0.0,0.0,0.0,0.0,0.0,0.0,0.0,0.0,0.0,0.3812823,0.0,0.0,0.0,0.0,0.0,0.0,0.0,0.0,1.4809647,0.0,0.0,0.0,0.0,0.0,0.0,0.0,0.0,0.0,0.0,0.0,0.0,0.0,0.0,0.0,0.0,0.8732284,1.9018929,0.04430491,0.0,0.0,0.0,0.0,0.008606834,0.0,0.0,0.0,0.0,0.0,0.0,0.0,0.0,0.0,0.0,0.0,0.0,0.0,0.0
180,BRACS_1238_PB_40,1,0.0,0.0,0.0,0.0,0.0,0.0,0.0,0.0,0.0,0.0,0.0,0.0,0.0,0.0,0.0,0.0,0.6718681,0.0,0.0,0.0,0.0,0.0037977411,0.0,0.0,0.0,3.4215775,0.0,0.0,0.0,0.0,0.0,0.0,0.0,0.0,0.0,0.0,0.0,0.0,0.0,0.0,0.0,0.0,1.9656055,4.1115685,0.046437427,0.0,0.0,0.0,0.0,0.021772297,0.0,0.0,0.0,0.0,0.0,0.0,0.0,0.0,0.0,0.0,0.0,0.0,0.0,0.0
181,BRACS_1319_PB_3,1,0.0,0.0,0.0,0.0,0.0,0.0,0.0,0.0,0.0,0.0,0.0,0.0,0.0,0.0,0.0,0.0,0.6083344,0.0,0.0,0.0,0.0,0.0,0.0,0.0,0.0,2.854501,0.0,0.0,0.0,0.0,0.0,0.0,0.0,0.0,0.0,0.0,0.0,0.0,0.0,0.0,0.0,0.0,1.6954029,3.561935,0.04751838,0.0,0.0,0.0,0.0,0.017429465,0.0,0.0,0.0,0.0,0.0,0.0,0.0,0.0,0.0,0.0,0.0,0.0,0.0,0.0
182,BRACS_1235_PB_24,1,0.0,0.0,0.0,0.0,0.0,0.0,0.0,0.0,0.0,1.4674673,0.0,1.0282644,0.0,0.0,0.0,0.0,0.0,0.0,0.0,0.0,0.0,0.0,0.0,0.0,0.0,0.013816059,0.0,0.0,0.0,0.0,0.0,0.0,0.0,0.0,0.0,0.0,0.0,0.0,0.0,0.0,0.0,0.117263086,0.0,0.10753927,0.10493052,0.0,0.0,0.0,0.0,0.015118055,0.0,0.0,0.0,0.0,0.0,0.0,0.0,1.4095356,0.0,0.0,0.0,0.0,0.0,0.0
183,BRACS_1496_PB_40,1,0.0,0.0,0.0,0.0,0.0,0.0,0.0,0.0,0.0,0.0,0.0,0.0,0.0,0.0,0.0,0.0,0.2634217,0.0,0.0,0.0,0.0,0.00032058917,0.0,0.0,0.0,1.3535099,0.0,0.0,0.0,0.0,0.0,0.0,0.0,0.0,0.0,0.0,0.0,0.0,0.0,0.0,0.0,0.0,0.7258559,1.6897298,0.05947547,0.0,0.0,0.0,0.0,0.012241721,0.0,0.0,0.0,0.0,0.0,0.0,0.0,0.0,0.0,0.0,0.0,0.0,0.0,0.0
184,BRACS_1238_PB_21,1,0.0,0.0,0.0,0.0,0.0,0.0,0.0,0.0,0.0,0.0,0.0,0.0,0.0,0.0,0.0,0.0,0.98516995,0.0,0.0,0.0,0.0,0.0055770855,0.0,0.0,0.0,5.471586,0.0,0.0,0.0,0.0,0.0,0.0,0.0,0.0,0.0,0.0,0.0,0.0,0.0,0.0,0.0,0.0,3.1550946,6.5905495,0.056022912,0.0,0.0,0.0,0.0,0.03603022,0.0,0.0,0.0,0.0,0.0,0.0,0.0,0.0,0.0,0.0,0.0,0.0,0.0,0.0
185,BRACS_1239_PB_1,1,0.0,0.0,0.0,0.0,0.0,0.0,0.0,0.0,0.0,0.0,0.0,0.0,0.0,0.0,0.0,0.0,0.53402126,0.0,0.0,0.0,0.0,0.0,0.0,0.0,0.0,2.434134,0.0,0.0,0.0,0.0,0.0,0.0,0.0,0.0,0.0,0.0,0.0,0.0,0.0,0.0,0.0,0.0,1.4367325,3.0371177,0.044485737,0.0,0.0,0.0,0.0,0.014571995,0.0,0.0,0.0,0.0,0.0,0.0,0.0,0.0,0.0,0.0,0.0,0.0,0.0,0.0
186,BRACS_1320_PB_7,1,0.0,0.0,0.0,0.0,0.0,0.0,0.0,0.0,0.0,0.0,0.0,0.0,0.0,0.0,0.0,0.0,0.7372245,0.0,0.0,0.0,0.0,0.0,0.0,0.0,0.0,3.6670697,0.0,0.0,0.0,0.0,0.0,0.0,0.0,0.0,0.0,0.0,0.0,0.0,0.0,0.0,0.0,0.0,2.1689086,4.500263,0.048788927,0.0,0.0,0.0,0.0,0.022932366,0.0,0.0,0.0,0.0,0.0,0.0,0.0,0.0,0.0,0.0,0.0,0.0,0.0,0.0
187,BRACS_1239_PB_7,1,0.0,0.0,0.0,0.0,0.0,0.0,0.0,0.0,0.0,0.0,0.0,0.0,0.0,0.0,0.0,0.0,0.8154291,0.0,0.0,0.0,0.0,0.006312453,0.0,0.0,0.0,4.4669037,0.0,0.0,0.0,0.0,0.0,0.0,0.0,0.0,0.0,0.0,0.0,0.0,0.0,0.0,0.0,0.0,2.5343444,5.3419056,0.051664427,0.0,0.0,0.0,0.0,0.02945664,0.0,0.0,0.0,0.0,0.0,0.0,0.0,0.0,0.0,0.0,0.0,0.0,0.0,0.0
188,BRACS_1318_PB_2,1,0.0,0.0,0.0,0.0,0.0,0.0,0.0,0.0,0.0,0.0,0.0,0.0,0.0,0.0,0.0,0.0,0.28410748,0.0,0.0,0.0,0.0,0.0,0.0,0.0,0.0,0.91539985,0.0,0.0,0.0,0.0,0.0,0.0,0.0,0.0,0.0,0.0,0.0,0.0,0.0,0.0,0.0,0.0,0.525228,1.2222763,0.041551106,0.0,0.0,0.0,0.0,0.004630603,0.0,0.0,0.0,0.0,0.0,0.0,0.0,0.0,0.0,0.0,0.0,0.0,0.0,0.0
189,BRACS_1320_PB_5,1,0.0,0.0,0.0,0.0,0.0,0.0,0.0,0.0,0.0,0.0,0.0,0.0,0.0,0.0,0.0,0.0,0.30693913,0.0,0.0,0.0,0.0,0.0,0.0,0.0,0.0,1.1401563,0.0,0.0,0.0,0.0,0.0,0.0,0.0,0.0,0.0,0.0,0.0,0.0,0.0,0.0,0.0,0.0,0.64989257,1.4473605,0.040810715,0.0,0.0,0.0,0.0,0.0062359376,0.0,0.0,0.0,0.0,0.0,0.0,0.0,0.0,0.0,0.0,0.0,0.0,0.0,0.0
190,BRACS_1486_PB_13,1,0.0,0.0,0.0,0.0,0.0,0.0,0.0,0.0,0.0,0.0,0.0,0.0,0.0,0.0,0.0,0.0,0.2901424,0.0,0.0,0.0,0.0,0.0,0.0,0.0,0.0,1.0345545,0.0,0.0,0.0,0.0,0.0,0.0,0.0,0.0,0.0,0.0,0.0,0.0,0.0,0.0,0.0,0.0,0.58390176,1.3349663,0.040658694,0.0,0.0,0.0,0.0,0.0056960313,0.0,0.0,0.0,0.0,0.0,0.0,0.0,0.0,0.0,0.0,0.0,0.0,0.0,0.0
191,BRACS_1240_PB_1,1,0.0,0.0,0.0,0.0,0.0,0.0,0.0,0.0,0.0,0.0,0.0,0.0,0.0,0.0,0.0,0.0,1.0746658,0.0,0.0,0.0,0.0,0.0038823974,0.0,0.0,0.0,6.0147414,0.0,0.0,0.0,0.0,0.0,0.0,0.0,0.0,0.0,0.0,0.0,0.0,0.0,0.0,0.0,0.0,3.4949272,7.293215,0.05855819,0.0,0.0,0.0,0.0,0.03960889,0.0,0.0,0.0,0.0,0.0,0.0,0.0,0.0,0.0,0.0,0.0,0.0,0.0,0.0
192,BRACS_1320_PB_18,1,0.0,0.0,0.0,0.0,0.0,0.0,0.0,0.0,0.0,0.0,0.0,0.0,0.0,0.0,0.0,0.0,0.27329978,0.0,0.0,0.0,0.0,0.0,0.0,0.0,0.0,0.9231179,0.0,0.0,0.0,0.0,0.0,0.0,0.0,0.0,0.0,0.0,0.0,0.0,0.0,0.0,0.0,0.0,0.52097,1.182766,0.039810408,0.0,0.0,0.0,0.0,0.0047528213,0.0,0.0,0.0,0.0,0.0,0.0,0.0,0.0,0.0,0.0,0.0,0.0,0.0,0.0
193,BRACS_1270_PB_1,1,0.0,0.0,0.0,0.0,0.0,0.0,0.0,0.0,0.0,0.0,0.0,0.0,0.0,0.0,0.0,0.0,0.32954246,0.0,0.0,0.0,0.0,0.0,0.0,0.0,0.0,1.4510603,0.0,0.0,0.0,0.0,0.0,0.0,0.0,0.0,0.0,0.0,0.0,0.0,0.0,0.0,0.0,0.0,0.81060046,1.8250535,0.047330692,0.0,0.0,0.0,0.0,0.009501233,0.0,0.0,0.0,0.0,0.0,0.0,0.0,0.0,0.0,0.0,0.0,0.0,0.0,0.0
194,BRACS_1320_PB_4,1,0.0,0.0,0.0,0.0,0.0,0.0,0.0,0.0,0.0,0.0,0.0,0.0,0.0,0.0,0.0,0.0,0.2800804,0.0,0.0,0.0,0.0,0.0,0.0,0.0,0.0,0.9757098,0.0,0.0,0.0,0.0,0.0,0.0,0.0,0.0,0.0,0.0,0.0,0.0,0.0,0.0,0.0,0.0,0.55105406,1.2500155,0.04046935,0.0,0.0,0.0,0.0,0.0051707774,0.0,0.0,0.0,0.0,0.0,0.0,0.0,0.0,0.0,0.0,0.0,0.0,0.0,0.0
195,BRACS_1235_PB_5,1,0.0,0.0,0.0,0.0,0.0,0.0,0.0,0.0,0.0,0.0,0.0,0.0,0.0,0.0,0.0,0.0,0.25127247,0.0,0.0,0.0,0.0,0.0,0.0,0.0,0.0,0.78737473,0.0,0.0,0.0,0.0,0.0,0.0,0.0,0.0,0.0,0.0,0.0,0.0,0.0,0.0,0.0,0.0072709136,0.4384988,1.0325472,0.039637685,0.0,0.0,0.0,0.0,0.0038662879,0.0,0.0,0.0,0.0,0.0,0.0,0.0,0.0,0.0,0.0,0.0,0.0,0.0,0.0
196,BRACS_1238_PB_55,1,0.0,0.0,0.0,0.0,0.0,0.0,0.0,0.0,0.0,0.0,0.0,0.0,0.0,0.0,0.0,0.0,0.33317912,0.0,0.0,0.0,0.0,0.0,0.0,0.0,0.0,1.3240297,0.0,0.0,0.0,0.0,0.0,0.0,0.0,0.0,0.0,0.0,0.0,0.0,0.0,0.0,0.0,0.0,0.7537727,1.6685376,0.041210517,0.0,0.0,0.0,0.0,0.0076226415,0.0,0.0,0.0,0.0,0.0,0.0,0.0,0.0,0.0,0.0,0.0,0.0,0.0,0.0
197,BRACS_1494_PB_25,1,0.0,0.0,0.0,0.0,0.0,0.0,0.0,0.0,0.0,0.07010949,0.0,0.07145743,0.0,0.0,0.0,0.0,0.19999531,0.0,0.0,0.0,0.0,0.0,0.0,0.0,0.0,0.544194,0.0,0.0,0.0,0.0,0.0,0.0,0.0,0.0,0.0,0.0,0.0,0.0,0.0,0.0,0.0,0.03003952,0.28144416,0.7798791,0.04215255,0.0,0.0,0.0,0.0,0.00260951,0.0,0.0,0.0,0.0,0.0,0.0,0.0,0.032863222,0.0,0.0,0.0,0.0,0.0,0.0
198,BRACS_1329_PB_2,1,0.0,0.0,0.0,0.0,0.0,0.0,0.0,0.0,0.0,0.33708456,0.0,0.27170417,0.0,0.0,0.0,0.0,0.10297567,0.0,0.0,0.0,0.0,0.0,0.0,0.0,0.0,0.4293224,0.0,0.0,0.0,0.0,0.0,0.0,0.0,0.0,0.0,0.0,0.0,0.0,0.0,0.0,0.0,0.047844145,0.16493756,0.5530577,0.053137638,0.0,0.0,0.0,0.0,0.0052940883,0.0,0.0,0.0,0.0,0.0,0.0,0.0,0.30771294,0.0,0.0,0.0,0.0,0.0,0.0
199,BRACS_1231_PB_16,1,0.0,0.0,0.0,0.0,0.0,0.0,0.0,0.0,0.0,0.0,0.0,0.0,0.0,0.0,0.0,0.0,0.91782284,0.0,0.0,0.0,0.0,0.0090102665,0.0,0.0,0.0,5.248024,0.0,0.0,0.0,0.0,0.0,0.0,0.0,0.0,0.0,0.0,0.0,0.0,0.0,0.0,0.0,0.0,2.9653976,6.232624,0.05618638,0.0,0.0,0.03462693,0.0,0.03542316,0.0,0.0,0.0,0.0,0.0,0.0,0.0,0.0,0.0,0.0,0.0,0.0,0.0,0.0
200,BRACS_1336_PB_5,1,0.0,0.0,0.0,0.0,0.0,0.0,0.0,0.0,0.0,0.0,0.0,0.0,0.0,0.0,0.0,0.0,0.42722642,0.0,0.0,0.0,0.0,0.0,0.0,0.0,0.0,1.7384083,0.0,0.0,0.0,0.0,0.0,0.0,0.0,0.0,0.0,0.0,0.0,0.0,0.0,0.0,0.0,0.0,1.016603,2.1618629,0.041102808,0.0,0.0,0.0,0.0,0.009929897,0.0,0.0,0.0,0.0,0.0,0.0,0.0,0.0,0.0,0.0,0.0,0.0,0.0,0.0
201,BRACS_1231_PB_57,1,0.0,0.0,0.0,0.0,0.0,0.0,0.0,0.0,0.0,0.0,0.0,0.0,0.0,0.0,0.0,0.0,0.73797333,0.0,0.0,0.0,0.0,0.0020804966,0.0,0.0,0.0,4.1583257,0.0,0.0,0.0,0.0,0.0,0.0,0.0,0.0,0.0,0.0,0.0,0.0,0.0,0.0,0.0,0.0,2.384514,5.048662,0.060287982,0.0,0.0,0.0,0.0,0.029049909,0.0,0.0,0.0,0.0,0.0,0.0,0.0,0.0,0.0,0.0,0.0,0.0,0.0,0.0
202,BRACS_1324_PB_9,1,0.0,0.0,0.0,0.0,0.0,0.0,0.0,0.0,0.0,0.0,0.0,0.0,0.0,0.0,0.0,0.0,1.5305154,0.0,0.0,0.0,0.0,0.01066358,0.0,0.0,0.0,9.20877,0.0,0.0,0.0,0.0,0.0,0.0,0.0,0.0,0.0,0.0,0.0,0.0,0.0,0.0,0.0,0.0,5.2820687,11.0676365,0.07225022,0.0,0.0,0.081757024,0.0,0.062479485,0.0,0.0,0.0,0.0,0.0,0.0,0.0,0.0,0.0,0.0,0.0,0.0,0.0,0.0
203,BRACS_1240_PB_10,1,0.0,0.0,0.0,0.0,0.0,0.0,0.0,0.0,0.0,0.0,0.0,0.0,0.0,0.0,0.0,0.0,0.49101156,0.0,0.0,0.0,0.0,0.0,0.0,0.0,0.0,2.1214528,0.0,0.0,0.0,0.0,0.0,0.0,0.0,0.0,0.0,0.0,0.0,0.0,0.0,0.0,0.0,0.0,1.2591448,2.684076,0.04547687,0.0,0.0,0.0,0.0,0.01254512,0.0,0.0,0.0,0.0,0.0,0.0,0.0,0.0,0.0,0.0,0.0,0.0,0.0,0.0
204,BRACS_1251_PB_5,1,0.0,0.0,0.0,0.0,0.0,0.0,0.0,0.0,0.0,0.0,0.0,0.0,0.0,0.0,0.0,0.0,0.5304233,0.0,0.0,0.0,0.0,0.00027756835,0.0,0.0,0.0,2.3945005,0.0,0.0,0.0,0.0,0.0,0.0,0.0,0.0,0.0,0.0,0.0,0.0,0.0,0.0,0.0,0.0,1.4013577,2.9427757,0.04376649,0.0,0.0,0.0,0.0,0.014423088,0.0,0.0,0.0,0.0,0.0,0.0,0.0,0.0,0.0,0.0,0.0,0.0,0.0,0.0
205,BRACS_1242_PB_4,1,0.0,0.0,0.0,0.0,0.0,0.0,0.0,0.0,0.0,0.0,0.0,0.0,0.0,0.0,0.0,0.0,0.73115087,0.0,0.0,0.0,0.0,0.0,0.0,0.0,0.0,3.6565194,0.0,0.0,0.0,0.0,0.0,0.0,0.0,0.0,0.0,0.0,0.0,0.0,0.0,0.0,0.0,0.0,2.159677,4.504264,0.049167115,0.0,0.0,0.0,0.0,0.022897383,0.0,0.0,0.0,0.0,0.0,0.0,0.0,0.0,0.0,0.0,0.0,0.0,0.0,0.0
206,BRACS_1486_PB_10,1,0.0,0.0,0.0,0.0,0.0,0.0,0.0,0.0,0.0,1.0817384,0.0,0.7925167,0.0,0.0,0.0,0.0,0.0,0.0,0.0,0.0,0.0,0.0,0.0,0.0,0.0,0.03634447,0.0,0.0,0.0,0.0,0.0,0.0,0.0,0.0,0.0,0.0,0.0,0.0,0.0,0.0,0.0,0.10519445,0.0,0.09688848,0.08475059,0.0,0.0,0.0,0.0,0.010362144,0.0,0.0,0.0,0.0,0.0,0.0,0.0,1.0579526,0.0,0.0,0.0,0.0,0.0,0.0
207,BRACS_1253_PB_3,1,0.0,0.0,0.0,0.0,0.0,0.0,0.0,0.0,0.0,0.06608069,0.0,0.0,0.0,0.0,0.0,0.0,0.22308233,0.0,0.0,0.0,0.0,0.0012295959,0.0,0.0,0.0,1.5159463,0.0,0.0,0.0,0.0,0.0,0.0,0.0,0.0,0.0,0.0,0.0,0.0,0.0,0.0,0.0,0.0,0.77436936,1.9115645,0.07666872,0.0,0.0,0.0,0.0,0.017515864,0.0,0.0,0.0,0.0,0.0,0.0,0.0,0.0,0.0,0.0,0.0,0.0,0.0,0.0
208,BRACS_1238_PB_17,1,0.0,0.0,0.0,0.0,0.0,0.0,0.0,0.0,0.0,0.0,0.0,0.0,0.0,0.0,0.0,0.0,1.2165288,0.0,0.0,0.0,0.0,0.006554103,0.0,0.0,0.0,7.16806,0.0,0.0,0.0,0.0,0.0,0.0,0.0,0.0,0.0,0.0,0.0,0.0,0.0,0.0,0.0,0.0,4.10417,8.658338,0.06640243,0.0,0.0,0.0059526414,0.0,0.04863142,0.0,0.0,0.0,0.0,0.0,0.0,0.0,0.0,0.0,0.0,0.0,0.0,0.0,0.0
209,BRACS_1496_PB_20,1,0.0,0.0,0.0,0.0,0.0,0.0,0.0,0.0,0.0,0.14966387,0.0,0.12911224,0.0,0.0,0.0,0.0,0.15535197,0.0,0.0,0.0,0.0,0.0,0.0,0.0,0.0,0.5581358,0.0,0.0,0.0,0.0,0.0,0.0,0.0,0.0,0.0,0.0,0.0,0.0,0.0,0.0,0.0,0.03717262,0.25844032,0.7474084,0.048421487,0.0,0.0,0.0,0.0,0.0043726526,0.0,0.0,0.0,0.0,0.0,0.0,0.0,0.124811694,0.0,0.0,0.0,0.0,0.0,0.0
210,BRACS_1240_PB_3,1,0.0,0.0,0.0,0.0,0.0,0.0,0.0,0.0,0.0,0.0,0.0,0.0,0.0,0.0,0.0,0.0,0.6746739,0.0,0.0,0.0,0.0,0.0010133428,0.0,0.0,0.0,3.3081863,0.0,0.0,0.0,0.0,0.0,0.0,0.0,0.0,0.0,0.0,0.0,0.0,0.0,0.0,0.0,0.0,1.942564,4.0344787,0.0470969,0.0,0.0,0.0,0.0,0.02063334,0.0,0.0,0.0,0.0,0.0,0.0,0.0,0.0,0.0,0.0,0.0,0.0,0.0,0.0
211,BRACS_1238_PB_12,1,0.0,0.0,0.0,0.0,0.0,0.0,0.0,0.0,0.0,0.0,0.0,0.0,0.0,0.0,0.0,0.0,1.7847248,0.0,0.0,0.0,0.0,0.021420019,0.0,0.0,0.0,11.279946,0.0,0.0,0.0,0.0,0.0,0.0,0.0,0.0,0.0,0.0,0.0,0.0,0.0,0.0,0.0,0.0,6.318321,13.365153,0.082812555,0.0,0.0,0.26725337,0.0,0.078654446,0.0,0.0,0.0,0.0,0.0,0.0,0.0,0.0,0.0,0.0,0.0,0.0,0.0,0.0
212,BRACS_1319_PB_11,1,0.0,0.0,0.0,0.0,0.0,0.0,0.0,0.0,0.0,0.0,0.0,0.0,0.0,0.0,0.0,0.0,0.32808143,0.0,0.0,0.0,0.0,0.0,0.0,0.0,0.0,1.1466954,0.0,0.0,0.0,0.0,0.0,0.0,0.0,0.0,0.0,0.0,0.0,0.0,0.0,0.0,0.0,0.0,0.668533,1.5142176,0.0425852,0.0,0.0,0.0,0.0,0.006131648,0.0,0.0,0.0,0.0,0.0,0.0,0.0,0.0,0.0,0.0,0.0,0.0,0.0,0.0
213,BRACS_1320_PB_1,1,0.0,0.0,0.0,0.0,0.0,0.0,0.0,0.0,0.0,0.0,0.0,0.0,0.0,0.0,0.0,0.0,0.874933,0.0,0.0,0.0,0.0,0.0039418368,0.0,0.0,0.0,4.697061,0.0,0.0,0.0,0.0,0.0,0.0,0.0,0.0,0.0,0.0,0.0,0.0,0.0,0.0,0.0,0.0,2.724449,5.670148,0.05252616,0.0,0.0,0.0,0.0,0.03046955,0.0,0.0,0.0,0.0,0.0,0.0,0.0,0.0,0.0,0.0,0.0,0.0,0.0,0.0
214,BRACS_1250_PB_5,1,0.0,0.0,0.0,0.0,0.0,0.0,0.0,0.0,0.0,0.0,0.0,0.0,0.0,0.0,0.0,0.0,0.6430864,0.0,0.0,0.0,0.0,0.0014209336,0.0,0.0,0.0,3.225471,0.0,0.0,0.0,0.0,0.0,0.0,0.0,0.0,0.0,0.0,0.0,0.0,0.0,0.0,0.0,0.0,1.864141,3.9400122,0.04694204,0.0,0.0,0.0,0.0,0.020402318,0.0,0.0,0.0,0.0,0.0,0.0,0.0,0.0,0.0,0.0,0.0,0.0,0.0,0.0
215,BRACS_1235_PB_36,1,0.0,0.0,0.0,0.0,0.0,0.0,0.0,0.0,0.0,0.0,0.0,0.0,0.0,0.0,0.0,0.0,0.40411484,0.0,0.0,0.0,0.0,0.0,0.0,0.0,0.0,1.5592364,0.0,0.0,0.0,0.0,0.0,0.0,0.0,0.0,0.0,0.0,0.0,0.0,0.0,0.0,0.0,0.0,0.9230133,1.9699138,0.041065276,0.0,0.0,0.0,0.0,0.008669778,0.0,0.0,0.0,0.0,0.0,0.0,0.0,0.0,0.0,0.0,0.0,0.0,0.0,0.0
216,BRACS_1231_PB_14,1,0.0,0.0,0.0,0.0,0.0,0.0,0.0,0.0,0.0,0.0,0.0,0.0,0.0,0.0,0.0,0.0,0.7096421,0.0,0.0,0.0,0.0,0.0046631754,0.0,0.0,0.0,3.7980096,0.0,0.0,0.0,0.0,0.0,0.0,0.0,0.0,0.0,0.0,0.0,0.0,0.0,0.0,0.0,0.0,2.1607382,4.562376,0.050436083,0.0,0.0,0.0,0.0,0.02522622,0.0,0.0,0.0,0.0,0.0,0.0,0.0,0.0,0.0,0.0,0.0,0.0,0.0,0.0
217,BRACS_1238_PB_33,1,0.0,0.0,0.0,0.0,0.0,0.0,0.0,0.0,0.0,0.0,0.0,0.0,0.0,0.0,0.0,0.0,1.474765,0.0,0.0,0.0,0.0,0.0083206855,0.0,0.0,0.0,8.806136,0.0,0.0,0.0,0.0,0.0,0.0,0.0,0.0,0.0,0.0,0.0,0.0,0.0,0.0,0.0,0.0,5.074275,10.619865,0.07221817,0.0,0.0,0.04784715,0.0,0.059779394,0.0,0.0,0.0,0.0,0.0,0.0,0.0,0.0,0.0,0.0,0.0,0.0,0.0,0.0
218,BRACS_1244_PB_1,1,0.0,0.0,0.0,0.0,0.0,0.0,0.0,0.0,0.0,0.0,0.0,0.0,0.0,0.0,0.0,0.0,0.2783963,0.0,0.0,0.0,0.0,0.0,0.0,0.0,0.0,1.0271511,0.0,0.0,0.0,0.0,0.0,0.0,0.0,0.0,0.0,0.0,0.0,0.0,0.0,0.0,0.0,0.0,0.57423395,1.308814,0.041671827,0.0,0.0,0.0,0.0,0.0058303773,0.0,0.0,0.0,0.0,0.0,0.0,0.0,0.0,0.0,0.0,0.0,0.0,0.0,0.0
219,BRACS_1324_PB_8,1,0.0,0.0,0.0,0.0,0.0,0.0,0.0,0.0,0.0,0.0,0.0,0.0,0.0,0.0,0.0,0.0,0.5966948,0.0,0.0,0.0,0.0,0.00036727695,0.0,0.0,0.0,2.9039533,0.0,0.0,0.0,0.0,0.0,0.0,0.0,0.0,0.0,0.0,0.0,0.0,0.0,0.0,0.0,0.0,1.6924047,3.5654495,0.046273503,0.0,0.0,0.0,0.0,0.018032555,0.0,0.0,0.0,0.0,0.0,0.0,0.0,0.0,0.0,0.0,0.0,0.0,0.0,0.0
220,BRACS_1231_PB_33,1,0.0,0.0,0.0,0.0,0.0,0.0,0.0,0.0,0.0,0.0,0.0,0.0,0.0,0.0,0.0,0.0,0.5590399,0.0,0.0,0.0,0.0,0.0,0.0,0.0,0.0,2.5485923,0.0,0.0,0.0,0.0,0.0,0.0,0.0,0.0,0.0,0.0,0.0,0.0,0.0,0.0,0.0,0.0,1.5112559,3.1752582,0.046382613,0.0,0.0,0.0,0.0,0.015404243,0.0,0.0,0.0,0.0,0.0,0.0,0.0,0.0,0.0,0.0,0.0,0.0,0.0,0.0
221,BRACS_1257_PB_5,1,0.0,0.0,0.0,0.0,0.0,0.0,0.0,0.0,0.0,0.8844608,0.0,0.4974813,0.0,0.0,0.0,0.0,0.036630496,0.0,0.0,0.0,0.0,0.0021621413,0.0,0.0,0.0,1.0408826,0.0,0.0,0.0,0.0,0.0,0.0,0.0,0.0,0.0,0.0,0.0,0.0,0.0,0.0,0.0,0.028951118,0.4320863,1.3678321,0.10404316,0.0,0.0,0.05959925,0.0,0.021625448,0.0,0.0,0.0,0.0,0.0,0.0,0.0,0.73732775,0.0,0.0,0.0,0.0,0.0,0.0
222,BRACS_1231_PB_11,1,0.0,0.0,0.0,0.0,0.0,0.0,0.0,0.0,0.0,0.0,0.0,0.0,0.0,0.0,0.0,0.0,0.5099162,0.0,0.0,0.0,0.0,0.0,0.0,0.0,0.0,2.229939,0.0,0.0,0.0,0.0,0.0,0.0,0.0,0.0,0.0,0.0,0.0,0.0,0.0,0.0,0.0,0.0,1.3253943,2.803582,0.045238405,0.0,0.0,0.0,0.0,0.013302854,0.0,0.0,0.0,0.0,0.0,0.0,0.0,0.0,0.0,0.0,0.0,0.0,0.0,0.0
223,BRACS_1480_PB_2,1,0.0,0.0,0.0,0.0,0.0,0.0,0.0,0.0,0.0,0.0,0.0,0.0,0.0,0.0,0.0,0.0,0.46554,0.0,0.0,0.0,0.0,0.0003175037,0.0,0.0,0.0,1.964996,0.0,0.0,0.0,0.0,0.0,0.0,0.0,0.0,0.0,0.0,0.0,0.0,0.0,0.0,0.0,0.0,1.1543165,2.4136052,0.04070652,0.0,0.0,0.0,0.0,0.011370323,0.0,0.0,0.0,0.0,0.0,0.0,0.0,0.0,0.0,0.0,0.0,0.0,0.0,0.0
224,BRACS_1257_PB_2,1,0.0,0.0,0.0,0.0,0.0,0.0,0.0,0.0,0.0,0.10524177,0.0,0.09720219,0.0,0.0,0.0,0.0,0.18567407,0.0,0.0,0.0,0.0,0.0,0.0,0.0,0.0,0.5397922,0.0,0.0,0.0,0.0,0.0,0.0,0.0,0.0,0.0,0.0,0.0,0.0,0.0,0.0,0.0,0.0314825,0.27034628,0.7483195,0.043941017,0.0,0.0,0.0,0.0,0.0032239875,0.0,0.0,0.0,0.0,0.0,0.0,0.0,0.07071941,0.0,0.0,0.0,0.0,0.0,0.0
225,BRACS_1235_PB_37,1,0.0,0.0,0.0,0.0,0.0,0.0,0.0,0.0,0.0,0.30378628,0.0,0.22224726,0.0,0.0,0.0,0.0,0.1429265,0.0,0.0,0.0,0.0,0.0,0.0,0.0,0.0,0.5042876,0.0,0.0,0.0,0.0,0.0,0.0,0.0,0.0,0.0,0.0,0.0,0.0,0.0,0.0,0.0,0.039992213,0.22879657,0.70722014,0.0539743,0.0,0.0,0.0,0.0,0.0055703567,0.0,0.0,0.0,0.0,0.0,0.0,0.0,0.25887507,0.0,0.0,0.0,0.0,0.0,0.0
226,BRACS_1259_PB_3,1,0.0,0.0,0.0,0.0,0.0,0.0,0.0,0.0,0.0,0.0,0.0,0.0,0.0,0.0,0.0,0.0,0.34396136,0.0,0.0,0.0,0.0,0.0,0.0,0.0,0.0,1.1774036,0.0,0.0,0.0,0.0,0.0,0.0,0.0,0.0,0.0066864565,0.0,0.0,0.0,0.0,0.0,0.0,0.0,0.6947201,1.5186414,0.040389806,0.0,0.0,0.0,0.0,0.00609813,0.0,0.0,0.0,0.0,0.0,0.0,0.0,0.0,0.0,0.0,0.0,0.0,0.0,0.0
227,BRACS_1279_PB_4,1,0.0,0.0,0.0,0.0,0.0,0.0,0.0,0.0,0.0,0.0,0.0,0.0,0.0,0.0,0.0,0.0,0.48488396,0.0,0.0,0.0,0.0,0.0,0.0,0.0,0.0,2.0656762,0.0,0.0,0.0,0.0,0.0,0.0,0.0,0.0,0.0,0.0,0.0,0.0,0.0,0.0,0.0,0.0,1.2255611,2.6041424,0.044349793,0.0,0.0,0.0,0.0,0.012103397,0.0,0.0,0.0,0.0,0.0,0.0,0.0,0.0,0.0,0.0,0.0,0.0,0.0,0.0
228,BRACS_1231_PB_29,1,0.0,0.0,0.0,0.0,0.0,0.0,0.0,0.0,0.0,0.0,0.0,0.0,0.0,0.0,0.0,0.0,0.2504243,0.0,0.0,0.0,0.0,0.0,0.0,0.0,0.0,0.76723725,0.0,0.0,0.0,0.0,0.0,0.0,0.0,0.0,0.0,0.0,0.0,0.0,0.0,0.0,0.0,0.00839128,0.428927,1.0173948,0.04032398,0.0,0.0,0.0,0.0,0.0038429096,0.0,0.0,0.0,0.0,0.0,0.0,0.0,0.0,0.0,0.0,0.0,0.0,0.0,0.0
229,BRACS_1494_PB_22,1,0.0,0.0,0.0,0.0,0.0,0.0,0.0,0.0,0.0,0.0,0.0,0.0,0.0,0.0,0.0,0.0,0.36270472,0.0,0.0,0.0,0.0,0.0,0.0,0.0,0.0,1.3946042,0.0,0.0,0.0,0.0,0.0,0.0,0.0,0.0,0.0,0.0,0.0,0.0,0.0,0.0,0.0,0.0,0.8119654,1.7975569,0.043126933,0.0,0.0,0.0,0.0,0.00786899,0.0,0.0,0.0,0.0,0.0,0.0,0.0,0.0,0.0,0.0,0.0,0.0,0.0,0.0
230,BRACS_1231_PB_48,1,0.0,0.0,0.0,0.0,0.0,0.0,0.0,0.0,0.0,0.0,0.0,0.0,0.0,0.0,0.0,0.0,0.26334786,0.0,0.0,0.0,0.0,0.0,0.0,0.0,0.0,0.8807709,0.0,0.0,0.0,0.0,0.0,0.0,0.0,0.0,0.0,0.0,0.0,0.0,0.0,0.0,0.0,0.0,0.49224055,1.1405344,0.040289287,0.0,0.0,0.0,0.0,0.0047689728,0.0,0.0,0.0,0.0,0.0,0.0,0.0,0.0,0.0,0.0,0.0,0.0,0.0,0.0
231,BRACS_1318_PB_9,1,0.0,0.0,0.0,0.0,0.0,0.0,0.0,0.0,0.0,0.045783736,0.0,0.06078671,0.0,0.0,0.0,0.0,0.19686279,0.0,0.0,0.0,0.0,0.0,0.0,0.0,0.0,0.59452796,0.0,0.0,0.0,0.0,0.0,0.0,0.0,0.0,0.0,0.0,0.0,0.0,0.0,0.0,0.0,0.026773227,0.3045634,0.7933179,0.041728105,0.0,0.0,0.0,0.0,0.0031716558,0.0,0.0,0.0,0.0,0.0,0.0,0.0,0.010114234,0.0,0.0,0.0,0.0,0.0,0.0
232,BRACS_1325_PB_2,1,0.0,0.0,0.0,0.0,0.0,0.0,0.0,0.0,0.0,0.14731164,0.0,0.1261427,0.0,0.0,0.0,0.0,0.1642041,0.0,0.0,0.0,0.0,0.0,0.0,0.0,0.0,0.559511,0.0,0.0,0.0,0.0,0.0,0.0,0.0,0.0,0.0,0.0,0.0,0.0,0.0,0.0,0.0,0.03314339,0.26721904,0.74112594,0.047093153,0.0,0.0,0.0,0.0,0.004309714,0.0,0.0,0.0,0.0,0.0,0.0,0.0,0.11397028,0.0,0.0,0.0,0.0,0.0,0.0
233,BRACS_1231_PB_49,1,0.0,0.0,0.0,0.0,0.0,0.0,0.0,0.0,0.0,0.06906811,0.0,0.05868636,0.0,0.0,0.0,0.0,0.19960384,0.0,0.0,0.0,0.0,0.0005180986,0.0,0.0,0.0,0.6547959,0.0,0.0,0.0,0.0,0.0,0.0,0.0,0.0,0.0,0.0,0.0,0.0,0.0,0.0,0.0,0.019028703,0.34070614,0.8420782,0.04392612,0.0,0.0,0.0,0.0,0.004544383,0.0,0.0,0.0,0.0,0.0,0.0,0.0,0.020508502,0.0,0.0,0.0,0.0,0.0,0.0
234,BRACS_1238_PB_3,1,0.0,0.0,0.0,0.0,0.0,0.0,0.0,0.0,0.0,0.0,0.0,0.0,0.0,0.0,0.0,0.0,0.96762776,0.0,0.0,0.0,0.0,0.0051571853,0.0,0.0,0.0,5.382353,0.0,0.0,0.0,0.0,0.0,0.0,0.0,0.0,0.0,0.0,0.0,0.0,0.0,0.0,0.0,0.0,3.1019328,6.4922657,0.05588141,0.0,0.0,0.0,0.0,0.035535194,0.0,0.0,0.0,0.0,0.0,0.0,0.0,0.0,0.0,0.0,0.0,0.0,0.0,0.0
235,BRACS_1238_PB_29,1,0.0,0.0,0.0,0.0,0.0,0.0,0.0,0.0,0.0,0.0,0.0,0.0,0.0,0.0,0.0,0.0,1.547805,0.0,0.0,0.0,0.0,0.022309687,0.0,0.0,0.0,9.823265,0.0,0.0,0.0,0.0,0.0,0.0,0.0,0.0,0.0,0.0,0.0,0.0,0.0,0.0,0.0,0.0,5.4220433,11.555037,0.07853456,0.0,0.0,0.27299976,0.0,0.06921161,0.0,0.0,0.0,0.0,0.0,0.0,0.0,0.0,0.0,0.0,0.0,0.0,0.0,0.0
236,BRACS_1231_PB_43,1,0.0,0.0,0.0,0.0,0.0,0.0,0.0,0.0,0.0,0.0,0.0,0.0,0.0,0.0,0.0,0.0,0.7275333,0.0,0.0,0.0,0.0,0.0011170286,0.0,0.0,0.0,3.7370002,0.0,0.0,0.0,0.0,0.0,0.0,0.0,0.0,0.0,0.0,0.0,0.0,0.0,0.0,0.0,0.0,2.185166,4.5627995,0.051402193,0.0,0.0,0.0,0.0,0.024183115,0.0,0.0,0.0,0.0,0.0,0.0,0.0,0.0,0.0,0.0,0.0,0.0,0.0,0.0
237,BRACS_1320_PB_6,1,0.0,0.0,0.0,0.0,0.0,0.0,0.0,0.0,0.0,0.0,0.0,0.0,0.0,0.0,0.0,0.0,0.33253336,0.0,0.0,0.0,0.0,0.0,0.0,0.0,0.0,1.2532635,0.0,0.0,0.0,0.0,0.0,0.0,0.0,0.0,0.0,0.0,0.0,0.0,0.0,0.0,0.0,0.0,0.72248936,1.5978053,0.041049805,0.0,0.0,0.0,0.0,0.0068627745,0.0,0.0,0.0,0.0,0.0,0.0,0.0,0.0,0.0,0.0,0.0,0.0,0.0,0.0
238,BRACS_1235_PB_16,1,0.0,0.0,0.0,0.0,0.0,0.0,0.0,0.0,0.0,0.0,0.0,0.0,0.0,0.0,0.0,0.0,0.4045046,0.0,0.0,0.0,0.0,0.0,0.0,0.0,0.0,1.6019081,0.0,0.0,0.0,0.0,0.0,0.0,0.0,0.0,0.0,0.0,0.0,0.0,0.0,0.0,0.0,0.0,0.9459693,2.0437555,0.042426266,0.0,0.0,0.0,0.0,0.009034684,0.0,0.0,0.0,0.0,0.0,0.0,0.0,0.0,0.0,0.0,0.0,0.0,0.0,0.0
239,BRACS_1235_PB_3,1,0.0,0.0,0.0,0.0,0.0,0.0,0.0,0.0,0.0,0.04597439,0.0,0.060605995,0.0,0.0,0.0,0.0,0.20995224,0.0,0.0,0.0,0.0,0.0,0.0,0.0,0.0,0.5503472,0.0,0.0,0.0,0.0,0.0,0.0,0.0,0.0,0.0,0.0,0.0,0.0,0.0,0.0,0.0,0.024231935,0.2921885,0.751936,0.0390272,0.0,0.0,0.0,0.0,0.0024074744,0.0,0.0,0.0,0.0,0.0,0.0,0.0,0.003884411,0.0,0.0,0.0,0.0,0.0,0.0
240,BRACS_1251_PB_2,1,0.0,0.0,0.0,0.0,0.0,0.0,0.0,0.0,0.0,0.0,0.0,0.0,0.0,0.0,0.0,0.0,1.3579093,0.0,0.0,0.0,0.0,0.01072344,0.0,0.0,0.0,8.111176,0.0,0.0,0.0,0.0,0.0,0.0,0.0,0.0,0.0,0.0,0.0,0.0,0.0,0.0,0.0,0.0,4.6245,9.71429,0.06773485,0.0,0.0,0.07570608,0.0,0.055061042,0.0,0.0,0.0,0.0,0.0,0.0,0.0,0.0,0.0,0.0,0.0,0.0,0.0,0.0
241,BRACS_1238_PB_13,1,0.0,0.0,0.0,0.0,0.0,0.0,0.0,0.0,0.0,0.0,0.0,0.0,0.0,0.0,0.0,0.0,0.96854657,0.0,0.0,0.0,0.0,0.011986339,0.0,0.0,0.0,5.6498823,0.0,0.0,0.0,0.0,0.0,0.0,0.0,0.0,0.0,0.0,0.0,0.0,0.0,0.0,0.0,0.0,3.1500494,6.658263,0.056752045,0.0,0.0,0.08072704,0.0,0.038370218,0.0,0.0,0.0,0.0,0.0,0.0,0.0,0.0,0.0,0.0,0.0,0.0,0.0,0.0
242,BRACS_1231_PB_20,1,0.0,0.0,0.0,0.0,0.0,0.0,0.0,0.0,0.0,0.0,0.0,0.0,0.0,0.0,0.0,0.0,0.7091903,0.0,0.0,0.0,0.0,0.0,0.0,0.0,0.0,3.5539105,0.0,0.0,0.0,0.0,0.0,0.0,0.0,0.0,0.0,0.0,0.0,0.0,0.0,0.0,0.0,0.0,2.094531,4.377897,0.05030304,0.0,0.0,0.0,0.0,0.022537028,0.0,0.0,0.0,0.0,0.0,0.0,0.0,0.0,0.0,0.0,0.0,0.0,0.0,0.0
243,BRACS_1319_PB_15,1,0.0,0.0,0.0,0.0,0.0,0.0,0.0,0.0,0.0,0.0,0.0,0.0,0.0,0.0,0.0,0.0,0.34998506,0.0,0.0,0.0,0.0,0.0,0.0,0.0,0.0,1.298083,0.0,0.0,0.0,0.0,0.0,0.0,0.0,0.0,0.0,0.0,0.0,0.0,0.0,0.0,0.0,0.0,0.7570979,1.6638207,0.04172099,0.0,0.0,0.0,0.0,0.007085571,0.0,0.0,0.0,0.0,0.0,0.0,0.0,0.0,0.0,0.0,0.0,0.0,0.0,0.0
244,BRACS_1319_PB_7,1,0.0,0.0,0.0,0.0,0.0,0.0,0.0,0.0,0.0,0.0,0.0,0.0,0.0,0.0,0.0,0.0,0.6648472,0.0,0.0,0.0,0.0,0.0,0.0,0.0,0.0,3.208097,0.0,0.0,0.0,0.0,0.0,0.0,0.0,0.0,0.0,0.0,0.0,0.0,0.0,0.0,0.0,0.0,1.9035287,3.9852617,0.04841254,0.0,0.0,0.0,0.0,0.019817,0.0,0.0,0.0,0.0,0.0,0.0,0.0,0.0,0.0,0.0,0.0,0.0,0.0,0.0
245,BRACS_1231_PB_12,1,0.0,0.0,0.0,0.0,0.0,0.0,0.0,0.0,0.0,0.0,0.0,0.0,0.0,0.0,0.0,0.0,0.3216064,0.0,0.0,0.0,0.0,0.0,0.0,0.0,0.0,1.2243271,0.0,0.0,0.0,0.0,0.0,0.0,0.0,0.0,0.0,0.0,0.0,0.0,0.0,0.0,0.0,0.0,0.7041083,1.5595005,0.044257466,0.0,0.0,0.0,0.0,0.007559415,0.0,0.0,0.0,0.0,0.0,0.0,0.0,0.0,0.0,0.0,0.0,0.0,0.0,0.0
246,BRACS_1231_PB_6,1,0.0,0.0,0.0,0.0,0.0,0.0,0.0,0.0,0.0,0.0,0.0,0.0,0.0,0.0,0.0,0.0,0.35183385,0.0,0.0,0.0,0.0,0.0,0.0,0.0,0.0,1.3375497,0.0,0.0,0.0,0.0,0.0,0.0,0.0,0.0,0.0,0.0,0.0,0.0,0.0,0.0,0.0,0.0,0.7773224,1.7111943,0.04154468,0.0,0.0,0.0,0.0,0.0074796984,0.0,0.0,0.0,0.0,0.0,0.0,0.0,0.0,0.0,0.0,0.0,0.0,0.0,0.0
247,BRACS_1318_PB_1,1,0.0,0.0,0.0,0.0,0.0,0.0,0.0,0.0,0.0,0.0,0.0,0.0,0.0,0.0,0.0,0.0,0.51396334,0.0,0.0,0.0,0.0,0.0,0.0,0.0,0.0,2.2425785,0.0,0.0,0.0,0.0,0.0,0.0,0.0,0.0,0.0,0.0,0.0,0.0,0.0,0.0,0.0,0.0,1.3337497,2.8154633,0.044883333,0.0,0.0,0.0,0.0,0.013266586,0.0,0.0,0.0,0.0,0.0,0.0,0.0,0.0,0.0,0.0,0.0,0.0,0.0,0.0
248,BRACS_1320_PB_17,1,0.0,0.0,0.0,0.0,0.0,0.0,0.0,0.0,0.0,0.13759041,0.0,0.09897505,0.0,0.0,0.0,0.0,0.16855817,0.0,0.0,0.0,0.0,9.2278e-05,0.0,0.0,0.0,0.70768565,0.0,0.0,0.0,0.0,0.0,0.0,0.0,0.0,0.0,0.0,0.0,0.0,0.0,0.0,0.0,0.022894751,0.34746903,0.88275707,0.051061414,0.0,0.0,0.0,0.0,0.0065880194,0.0,0.0,0.0,0.0,0.0,0.0,0.0,0.09419816,0.0,0.0,0.0,0.0,0.0,0.0
249,BRACS_1231_PB_17,1,0.0,0.0,0.0,0.0,0.0,0.0,0.0,0.0,0.0,0.0,0.0,0.0,0.0,0.0,0.0,0.0,0.5870621,0.0,0.0,0.0,0.0,0.0,0.0,0.0,0.0,2.8159223,0.0,0.0,0.0,0.0,0.0,0.0,0.0,0.0,0.0,0.0,0.0,0.0,0.0,0.0,0.0,0.0,1.6440765,3.472857,0.047094107,0.0,0.0,0.0,0.0,0.017530026,0.0,0.0,0.0,0.0,0.0,0.0,0.0,0.0,0.0,0.0,0.0,0.0,0.0,0.0
250,BRACS_1319_PB_4,1,0.0,0.0,0.0,0.0,0.0,0.0,0.0,0.0,0.0,0.14322585,0.0,0.13003704,0.0,0.0,0.0,0.0,0.16088149,0.0,0.0,0.0,0.0,0.0,0.0,0.0,0.0,0.5316852,0.0,0.0,0.0,0.0,0.0,0.0,0.0,0.0,0.0,0.0,0.0,0.0,0.0,0.0,0.0,0.036383595,0.24925303,0.7139423,0.046293512,0.0,0.0,0.0,0.0,0.0038274361,0.0,0.0,0.0,0.0,0.0,0.0,0.0,0.11529311,0.0,0.0,0.0,0.0,0.0,0.0
251,BRACS_1231_PB_37,1,0.0,0.0,0.0,0.0,0.0,0.0,0.0,0.0,0.0,0.0,0.0,0.0025100783,0.0,0.0,0.0,0.0,0.2277912,0.0,0.0,0.0,0.0,0.0,0.0,0.0,0.0,0.69808644,0.0,0.0,0.0,0.0,0.0,0.0,0.0,0.0,0.0,0.0,0.0,0.0,0.0,0.0,0.0,0.01666727,0.3790825,0.9429475,0.043026857,0.0,0.0,0.0,0.0,0.00395653,0.0,0.0,0.0,0.0,0.0,0.0,0.0,0.0,0.0,0.0,0.0,0.0,0.0,0.0
252,BRACS_1319_PB_16,1,0.0,0.0,0.0,0.0,0.0,0.0,0.0,0.0,0.0,0.0,0.0,0.0,0.0,0.0,0.0,0.0,0.37000728,0.0,0.0,0.0,0.0,0.0,0.0,0.0,0.0,1.4012995,0.0,0.0,0.0,0.0,0.0,0.0,0.0,0.0,0.0,0.0,0.0,0.0,0.0,0.0,0.0,0.0,0.8224623,1.8070191,0.04270753,0.0,0.0,0.0,0.0,0.0077654263,0.0,0.0,0.0,0.0,0.0,0.0,0.0,0.0,0.0,0.0,0.0,0.0,0.0,0.0
253,BRACS_1231_PB_46,1,0.0,0.0,0.0,0.0,0.0,0.0,0.0,0.0,0.0,0.0,0.0,0.0,0.0,0.0,0.0,0.0,0.26055315,0.0,0.0,0.0,0.0,0.0,0.0,0.0,0.0,0.81159854,0.0,0.0,0.0,0.0,0.0,0.0,0.0,0.0,0.000112853944,0.0,0.0,0.0,0.0,0.0,0.0,0.0039095096,0.45672905,1.0797946,0.040323123,0.0,0.0,0.0,0.0,0.004218859,0.0,0.0,0.0,0.0,0.0,0.0,0.0,0.0,0.0,0.0,0.0,0.0,0.0,0.0
254,BRACS_1494_PB_48,1,0.0,0.0,0.0,0.0,0.0,0.0,0.0,0.0,0.0,0.038765967,0.0,0.051913127,0.0,0.0,0.0,0.0,0.20776017,0.0,0.0,0.0,0.0,0.0,0.0,0.0,0.0,0.58079225,0.0,0.0,0.0,0.0,0.0,0.0,0.0,0.0,0.0,0.0,0.0,0.0,0.0,0.0,0.0,0.02594096,0.30487603,0.8008303,0.040870618,0.0,0.0,0.0,0.0,0.00275223,0.0,0.0,0.0,0.0,0.0,0.0,0.0,0.00018294575,0.0,0.0,0.0,0.0,0.0,0.0
255,BRACS_1239_PB_2,1,0.0,0.0,0.0,0.0,0.0,0.0,0.0,0.0,0.0,0.0,0.0,0.0,0.0,0.0,0.0,0.0,0.7234519,0.0,0.0,0.0,0.0,0.005144419,0.0,0.0,0.0,3.8656292,0.0,0.0,0.0,0.0,0.0,0.0,0.0,0.0,0.0,0.0,0.0,0.0,0.0,0.0,0.0,0.0,2.1884935,4.634554,0.049206056,0.0,0.0,0.0,0.0,0.025277842,0.0,0.0,0.0,0.0,0.0,0.0,0.0,0.0,0.0,0.0,0.0,0.0,0.0,0.0
256,BRACS_1494_UDH_37,1,0.0,0.0,0.0,0.0,0.0,0.0,0.0,0.0,0.0,0.0,0.0,0.0,0.0,0.0,0.0,0.0,0.7776875,0.0,0.0,0.0,0.0,0.004749479,0.0,0.0,0.0,4.121492,0.0,0.0,0.0,0.0,0.0,0.0,0.0,0.0,0.0,0.0,0.0,0.0,0.0,0.0,0.0,0.0,2.366222,4.9429836,0.049975052,0.0,0.0,0.0,0.0,0.02671433,0.0,0.0,0.0,0.0,0.0,0.0,0.0,0.0,0.0,0.0,0.0,0.0,0.0,0.0
257,BRACS_1494_UDH_49,1,0.0,0.0,0.0,0.0,0.0,0.0,0.0,0.0,0.0,0.0,0.0,0.0,0.0,0.0,0.0,0.0,0.35616338,0.0,0.0,0.0,0.0,0.0,0.0,0.0,0.0,1.5678235,0.0,0.0,0.0,0.0,0.0,0.0,0.0,0.0,0.0,0.0,0.0,0.0,0.0,0.0,0.0,0.0,0.8769165,1.9365968,0.045119543,0.0,0.0,0.0,0.0,0.010055303,0.0,0.0,0.0,0.0,0.0,0.0,0.0,0.0,0.0,0.0,0.0,0.0,0.0,0.0
258,BRACS_1272_UDH_34,1,0.0,0.0,0.0,0.0,0.0,0.0,0.0,0.0,0.0,0.0,0.0,0.0,0.0,0.0,0.0,0.0,0.39111507,0.0,0.0,0.0,0.0,0.0,0.0,0.0,0.0,1.6113595,0.0,0.0,0.0,0.0,0.0,0.0,0.0,0.0,0.0,0.0,0.0,0.0,0.0,0.0,0.0,0.0,0.9380967,2.036844,0.042708002,0.0,0.0,0.0,0.0,0.009362928,0.0,0.0,0.0,0.0,0.0,0.0,0.0,0.0,0.0,0.0,0.0,0.0,0.0,0.0
259,BRACS_1238_UDH_30,1,0.0,0.0,0.0,0.0,0.0,0.0,0.0,0.0,0.0,0.0,0.0,0.0,0.0,0.0,0.0,0.0,0.83163166,0.0,0.0,0.0,0.0,0.0020697392,0.0,0.0,0.0,4.339615,0.0,0.0,0.0,0.0,0.0,0.0,0.0,0.0,0.0,0.0,0.0,0.0,0.0,0.0,0.0,0.0,2.540598,5.2735367,0.051508993,0.0,0.0,0.0,0.0,0.027784431,0.0,0.0,0.0,0.0,0.0,0.0,0.0,0.0,0.0,0.0,0.0,0.0,0.0,0.0
260,BRACS_1496_UDH_3,1,0.0,0.0,0.0,0.0,0.0,0.0,0.0,0.0,0.0,0.0,0.0,0.0,0.0,0.0,0.0,0.0,0.93188804,0.0,0.0,0.0,0.0,0.004433988,0.0,0.0,0.0,5.452731,0.0,0.0,0.0,0.0,0.0,0.0,0.0,0.0,0.0,0.0,0.0,0.0,0.0,0.0,0.0,0.0,3.1098564,6.599491,0.0640554,0.0,0.0,0.0,0.0,0.03774989,0.0,0.0,0.0,0.0,0.0,0.0,0.0,0.0,0.0,0.0,0.0,0.0,0.0,0.0
261,BRACS_1231_UDH_1,1,0.0,0.0,0.0,0.0,0.0,0.0,0.0,0.0,0.0,0.0,0.0,0.0,0.0,0.0,0.0,0.0,0.8569165,0.0,0.0,0.0,0.0,0.010278955,0.0,0.0,0.0,4.9469433,0.0,0.0,0.0,0.0,0.0,0.0,0.0,0.0,0.0,0.0,0.0,0.0,0.0,0.0,0.0,0.0,2.7483053,5.844631,0.05594404,0.0,0.0,0.050816536,0.0,0.03391813,0.0,0.0,0.0,0.0,0.0,0.0,0.0,0.0,0.0,0.0,0.0,0.0,0.0,0.0
262,BRACS_1231_UDH_3,1,0.0,0.0,0.0,0.0,0.0,0.0,0.0,0.0,0.0,0.0,0.0,0.0,0.0,0.0,0.0,0.0,0.9417487,0.0,0.0,0.0,0.0,0.0041567544,0.0,0.0,0.0,5.073532,0.0,0.0,0.0,0.0,0.0,0.0,0.0,0.0,0.0,0.0,0.0,0.0,0.0,0.0,0.0,0.0,2.9649563,6.1199627,0.053744398,0.0,0.0,0.0,0.0,0.03282218,0.0,0.0,0.0,0.0,0.0,0.0,0.0,0.0,0.0,0.0,0.0,0.0,0.0,0.0
263,BRACS_1272_UDH_44,1,0.0,0.0,0.0,0.0,0.0,0.0,0.0,0.0,0.0,0.0,0.0,0.0,0.0,0.0,0.0,0.0,0.36539584,0.0,0.0,0.0,0.0,0.0,0.0,0.0,0.0,1.3802941,0.0,0.0,0.0,0.0,0.0,0.0,0.0,0.0,0.0,0.0,0.0,0.0,0.0,0.0,0.0,0.0,0.808756,1.7945998,0.042825125,0.0,0.0,0.0,0.0,0.007650394,0.0,0.0,0.0,0.0,0.0,0.0,0.0,0.0,0.0,0.0,0.0,0.0,0.0,0.0
264,BRACS_1272_UDH_24,1,0.0,0.0,0.0,0.0,0.0,0.0,0.0,0.0,0.0,0.0,0.0,0.0,0.0,0.0,0.0,0.0,0.27835366,0.0,0.0,0.0,0.0,0.0,0.0,0.0,0.0,1.065844,0.0,0.0,0.0,0.0,0.0,0.0,0.0,0.0,0.0,0.0,0.0,0.0,0.0,0.0,0.0,0.0,0.59593093,1.369278,0.045462683,0.0,0.0,0.0,0.0,0.0068435697,0.0,0.0,0.0,0.0,0.0,0.0,0.0,0.0,0.0,0.0,0.0,0.0,0.0,0.0
265,BRACS_1496_UDH_2,1,0.0,0.0,0.0,0.0,0.0,0.0,0.0,0.0,0.0,0.0,0.0,0.0,0.0,0.0,0.0,0.0,0.7952406,0.0,0.0,0.0,0.0,0.0029462792,0.0,0.0,0.0,4.541176,0.0,0.0,0.0,0.0,0.0,0.0,0.0,0.0,0.0,0.0,0.0,0.0,0.0,0.0,0.0,0.0,2.6021807,5.549885,0.063316174,0.0,0.0,0.0,0.0,0.03203941,0.0,0.0,0.0,0.0,0.0,0.0,0.0,0.0,0.0,0.0,0.0,0.0,0.0,0.0
266,BRACS_1487_UDH_10,1,0.0,0.0,0.0,0.0,0.0,0.0,0.0,0.0,0.0,0.16027161,0.0,0.104608424,0.0,0.0,0.0,0.0,0.19011055,0.0,0.0,0.0,0.0,0.0,0.0,0.0,0.0,0.64575565,0.0,0.0,0.0,0.0,0.0,0.0,0.0,0.0,0.0,0.0,0.0,0.0,0.0,0.0,0.0,0.025958084,0.32993263,0.89118713,0.050586373,0.0,0.0,0.0,0.0,0.005467833,0.0,0.0,0.0,0.0,0.0,0.0,0.0,0.105842724,0.0,0.0,0.0,0.0,0.0,0.0
267,BRACS_1496_UDH_26,1,0.0,0.0,0.0,0.0,0.0,0.0,0.0,0.0,0.0,0.0,0.0,0.0,0.0,0.0,0.0,0.0,0.35547936,0.0,0.0,0.0,0.0,0.0,0.0,0.0,0.0,1.656204,0.0,0.0,0.0,0.0,0.0,0.0,0.0,0.0,0.0,0.0,0.0,0.0,0.0,0.0,0.0,0.0,0.9262203,2.0705185,0.04943542,0.0,0.0,0.0,0.0,0.011158293,0.0,0.0,0.0,0.0,0.0,0.0,0.0,0.0,0.0,0.0,0.0,0.0,0.0,0.0
268,BRACS_1494_UDH_31,1,0.0,0.0,0.0,0.0,0.0,0.0,0.0,0.0,0.0,0.0,0.0,0.0,0.0,0.0,0.0,0.0,0.8495596,0.0,0.0,0.0,0.0,0.0049936445,0.0,0.0,0.0,4.580537,0.0,0.0,0.0,0.0,0.0,0.0,0.0,0.0,0.0,0.0,0.0,0.0,0.0,0.0,0.0,0.0,2.640565,5.503829,0.05135388,0.0,0.0,0.0,0.0,0.029750224,0.0,0.0,0.0,0.0,0.0,0.0,0.0,0.0,0.0,0.0,0.0,0.0,0.0,0.0
269,BRACS_1494_UDH_29,1,0.0,0.0,0.0,0.0,0.0,0.0,0.0,0.0,0.0,0.0,0.0,0.0,0.0,0.0,0.0,0.0,0.40942568,0.0,0.0,0.0,0.0,0.0,0.0,0.0,0.0,1.7936609,0.0,0.0,0.0,0.0,0.0,0.0,0.0,0.0,0.0,0.0,0.0,0.0,0.0,0.0,0.0,0.0,1.0323341,2.2470884,0.04552497,0.0,0.0,0.0,0.0,0.011060926,0.0,0.0,0.0,0.0,0.0,0.0,0.0,0.0,0.0,0.0,0.0,0.0,0.0,0.0
270,BRACS_1272_UDH_21,1,0.0,0.0,0.0,0.0,0.0,0.0,0.0,0.0,0.0,0.0,0.0,0.0,0.0,0.0,0.0,0.0,0.2824245,0.0,0.0,0.0,0.0,0.0,0.0,0.0,0.0,1.0365503,0.0,0.0,0.0,0.0,0.0,0.0,0.0,0.0,0.0,0.0,0.0,0.0,0.0,0.0,0.0,0.0,0.57947356,1.3718381,0.04402587,0.0,0.0,0.0,0.0,0.0058568865,0.0,0.0,0.0,0.0,0.0,0.0,0.0,0.0,0.0,0.0,0.0,0.0,0.0,0.0
271,BRACS_1272_UDH_6,1,0.0,0.0,0.0,0.0,0.0,0.0,0.0,0.0,0.0,0.17141798,0.0,0.15667966,0.0,0.0,0.0,0.0,0.15470226,0.0,0.0,0.0,0.0,0.0,0.0,0.0,0.0,0.45960835,0.0,0.0,0.0,0.0,0.0,0.0,0.0,0.0,0.0,0.0,0.0,0.0,0.0,0.0,0.0,0.040822476,0.20899041,0.6408087,0.045171537,0.0,0.0,0.0,0.0,0.0030611255,0.0,0.0,0.0,0.0,0.0,0.0,0.0,0.14395337,0.0,0.0,0.0,0.0,0.0,0.0
272,BRACS_1231_UDH_21,1,0.0,0.0,0.0,0.0,0.0,0.0,0.0,0.0,0.0,0.0,0.0,0.0,0.0,0.0,0.0,0.0,1.1094251,0.0,0.0,0.0,0.0,0.0045811627,0.0,0.0,0.0,6.302334,0.0,0.0,0.0,0.0,0.0,0.0,0.0,0.0,0.0,0.0,0.0,0.0,0.0,0.0,0.0,0.0,3.650566,7.6238813,0.06124021,0.0,0.0,0.0,0.0,0.04200932,0.0,0.0,0.0,0.0,0.0,0.0,0.0,0.0,0.0,0.0,0.0,0.0,0.0,0.0
273,BRACS_1496_UDH_37,1,0.0,0.0,0.0,0.0,0.0,0.0,0.0,0.0,0.0,0.0,0.0,0.0,0.0,0.0,0.0,0.0,0.8642185,0.0,0.0,0.0,0.0,0.0066616763,0.0,0.0,0.0,4.8299527,0.0,0.0,0.0,0.0,0.0,0.0,0.0,0.0,0.0,0.0,0.0,0.0,0.0,0.0,0.0,0.0,2.756228,5.795699,0.054397598,0.0,0.0,0.0,0.0,0.032429848,0.0,0.0,0.0,0.0,0.0,0.0,0.0,0.0,0.0,0.0,0.0,0.0,0.0,0.0
274,BRACS_1494_UDH_20,1,0.0,0.0,0.0,0.0,0.0,0.0,0.0,0.0,0.0,0.0,0.0,0.0,0.0,0.0,0.0,0.0,1.068849,0.0,0.0,0.0,0.0,0.0029210267,0.0,0.0,0.0,6.079337,0.0,0.0,0.0,0.0,0.0,0.0,0.0,0.0,0.0,0.0,0.0,0.0,0.0,0.0,0.0,0.0,3.5230472,7.4051657,0.061959125,0.0,0.0,0.0,0.0,0.040568054,0.0,0.0,0.0,0.0,0.0,0.0,0.0,0.0,0.0,0.0,0.0,0.0,0.0,0.0
275,BRACS_1494_UDH_41,1,0.0,0.0,0.0,0.0,0.0,0.0,0.0,0.0,0.0,0.0,0.0,0.0,0.0,0.0,0.0,0.0,0.5699108,0.0,0.0,0.0,0.0,0.00014904374,0.0,0.0,0.0,2.6858742,0.0,0.0,0.0,0.0,0.0,0.0,0.0,0.0,0.0,0.0,0.0,0.0,0.0,0.0,0.0,0.0,1.5675831,3.2967288,0.04590927,0.0,0.0,0.0,0.0,0.016533157,0.0,0.0,0.0,0.0,0.0,0.0,0.0,0.0,0.0,0.0,0.0,0.0,0.0,0.0
276,BRACS_1409_UDH_2,1,0.0,0.0,0.0,0.0,0.0,0.0,0.0,0.0,0.0,0.0,0.0,0.0,0.0,0.0,0.0,0.0,0.3393041,0.0,0.0,0.0,0.0,0.0,0.0,0.0,0.0,1.3513465,0.0,0.0,0.0,0.0,0.0,0.0,0.0,0.0,0.0,0.0,0.0,0.0,0.0,0.0,0.0,0.0,0.7716825,1.7598577,0.04489679,0.0,0.0,0.0,0.0,0.007912994,0.0,0.0,0.0,0.0,0.0,0.0,0.0,0.0,0.0,0.0,0.0,0.0,0.0,0.0
277,BRACS_1494_UDH_9,1,0.0,0.0,0.0,0.0,0.0,0.0,0.0,0.0,0.0,0.0,0.0,0.0,0.0,0.0,0.0,0.0,0.27392706,0.0,0.0,0.0,0.0,0.0,0.0,0.0,0.0,0.87999606,0.0,0.0,0.0,0.0,0.0,0.0,0.0,0.0,0.0,0.0,0.0,0.0,0.0,0.0,0.0,0.0036444236,0.49870253,1.1905129,0.042533692,0.0,0.0,0.0,0.0,0.0045462353,0.0,0.0,0.0,0.0,0.0,0.0,0.0,0.0,0.0,0.0,0.0,0.0,0.0,0.0
278,BRACS_1238_UDH_49,1,0.0,0.0,0.0,0.0,0.0,0.0,0.0,0.0,0.0,0.0,0.0,0.0,0.0,0.0,0.0,0.0,0.48299068,0.0,0.0,0.0,0.0,0.0,0.0,0.0,0.0,2.04995,0.0,0.0,0.0,0.0,0.0,0.0,0.0,0.0,0.0,0.0,0.0,0.0,0.0,0.0,0.0,0.0,1.2150804,2.570683,0.044203974,0.0,0.0,0.0,0.0,0.011995008,0.0,0.0,0.0,0.0,0.0,0.0,0.0,0.0,0.0,0.0,0.0,0.0,0.0,0.0
279,BRACS_1231_UDH_4,1,0.0,0.0,0.0,0.0,0.0,0.0,0.0,0.0,0.0,0.0,0.0,0.0,0.0,0.0,0.0,0.0,0.6202573,0.0,0.0,0.0,0.0,0.003956143,0.0,0.0,0.0,3.1097195,0.0,0.0,0.0,0.0,0.0,0.0,0.0,0.0,0.0,0.0,0.0,0.0,0.0,0.0,0.0,0.0,1.7775161,3.7280943,0.045401417,0.0,0.0,0.0,0.0,0.019733602,0.0,0.0,0.0,0.0,0.0,0.0,0.0,0.0,0.0,0.0,0.0,0.0,0.0,0.0
280,BRACS_1235_UDH_15,1,0.0,0.0,0.0,0.0,0.0,0.0,0.0,0.0,0.0,0.0,0.0,0.0,0.0,0.0,0.0,0.0,1.6214529,0.0,0.0,0.0,0.0,0.013277359,0.0,0.0,0.0,9.85495,0.0,0.0,0.0,0.0,0.0,0.0,0.0,0.0,0.0,0.0,0.0,0.0,0.0,0.0,0.0,0.0,5.6539183,11.819288,0.072526716,0.0,0.0,0.11744134,0.0,0.0668443,0.0,0.0,0.0,0.0,0.0,0.0,0.0,0.0,0.0,0.0,0.0,0.0,0.0,0.0
281,BRACS_1231_UDH_36,1,0.0,0.0,0.0,0.0,0.0,0.0,0.0,0.0,0.0,0.0,0.0,0.0,0.0,0.0,0.0,0.0,0.41724914,0.0,0.0,0.0,0.0,0.0,0.0,0.0,0.0,1.8071344,0.0,0.0,0.0,0.0,0.0,0.0,0.0,0.0,0.0,0.0,0.0,0.0,0.0,0.0,0.0,0.0,1.0418063,2.2539415,0.043794513,0.0,0.0,0.0,0.0,0.011113775,0.0,0.0,0.0,0.0,0.0,0.0,0.0,0.0,0.0,0.0,0.0,0.0,0.0,0.0
282,BRACS_1496_UDH_10,1,0.0,0.0,0.0,0.0,0.0,0.0,0.0,0.0,0.0,0.0,0.0,0.0,0.0,0.0,0.0,0.0,0.31053513,0.0,0.0,0.0,0.0,0.0,0.0,0.0,0.0,1.4678955,0.0,0.0,0.0,0.0,0.0,0.0,0.0,0.0,0.0,0.0,0.0,0.0,0.0,0.0,0.0,0.0,0.8093165,1.8380922,0.05226991,0.0,0.0,0.0,0.0,0.010812641,0.0,0.0,0.0,0.0,0.0,0.0,0.0,0.0,0.0,0.0,0.0,0.0,0.0,0.0
283,BRACS_1231_UDH_9,1,0.0,0.0,0.0,0.0,0.0,0.0,0.0,0.0,0.0,0.0,0.0,0.0,0.0,0.0,0.0,0.0,0.33117414,0.0,0.0,0.0,0.0,0.0,0.0,0.0,0.0,1.1910532,0.0,0.0,0.0,0.0,0.0,0.0,0.0,0.0,0.0,0.0,0.0,0.0,0.0,0.0,0.0,0.0,0.6935403,1.5493842,0.04268435,0.0,0.0,0.0,0.0,0.0066735083,0.0,0.0,0.0,0.0,0.0,0.0,0.0,0.0,0.0,0.0,0.0,0.0,0.0,0.0
284,BRACS_1494_UDH_39,1,0.0,0.0,0.0,0.0,0.0,0.0,0.0,0.0,0.0,0.0,0.0,0.0,0.0,0.0,0.0,0.0,0.47169638,0.0,0.0,0.0,0.0,0.0,0.0,0.0,0.0,2.0431063,0.0,0.0,0.0,0.0,0.0,0.0,0.0,0.0,0.0,0.0,0.0,0.0,0.0,0.0,0.0,0.0,1.2012041,2.5602334,0.044873357,0.0,0.0,0.0,0.0,0.012139923,0.0,0.0,0.0,0.0,0.0,0.0,0.0,0.0,0.0,0.0,0.0,0.0,0.0,0.0
285,BRACS_1494_UDH_33,1,0.0,0.0,0.0,0.0,0.0,0.0,0.0,0.0,0.0,0.0,0.0,0.0,0.0,0.0,0.0,0.0,0.42521834,0.0,0.0,0.0,0.0,0.0,0.0,0.0,0.0,1.7765986,0.0,0.0,0.0,0.0,0.0,0.0,0.0,0.0,0.0,0.0,0.0,0.0,0.0,0.0,0.0,0.0,1.0304452,2.2453284,0.04380934,0.0,0.0,0.0,0.0,0.010440996,0.0,0.0,0.0,0.0,0.0,0.0,0.0,0.0,0.0,0.0,0.0,0.0,0.0,0.0
286,BRACS_1409_UDH_3,1,0.0,0.0,0.0,0.0,0.0,0.0,0.0,0.0,0.0,0.0,0.0,0.0,0.0,0.0,0.0,0.0,0.64147764,0.0,0.0,0.0,0.0,0.00055057043,0.0,0.0,0.0,3.3659098,0.0,0.0,0.0,0.0,0.0,0.0,0.0,0.0,0.0,0.0,0.0,0.0,0.0,0.0,0.0,0.0,1.9479976,4.1378264,0.05296799,0.0,0.0,0.0,0.0,0.022405248,0.0,0.0,0.0,0.0,0.0,0.0,0.0,0.0,0.0,0.0,0.0,0.0,0.0,0.0
287,BRACS_1494_UDH_30,1,0.0,0.0,0.0,0.0,0.0,0.0,0.0,0.0,0.0,0.0,0.0,0.0,0.0,0.0,0.0,0.0,0.7173967,0.0,0.0,0.0,0.0,0.0010796417,0.0,0.0,0.0,3.7367215,0.0,0.0,0.0,0.0,0.0,0.0,0.0,0.0,0.0,0.0,0.0,0.0,0.0,0.0,0.0,0.0,2.158568,4.573454,0.051529303,0.0,0.0,0.0,0.0,0.02412328,0.0,0.0,0.0,0.0,0.0,0.0,0.0,0.0,0.0,0.0,0.0,0.0,0.0,0.0
288,BRACS_1494_UDH_7,1,0.0,0.0,0.0,0.0,0.0,0.0,0.0,0.0,0.0,0.0,0.0,0.0,0.0,0.0,0.0,0.0,0.554098,0.0,0.0,0.0,0.0,0.00048123533,0.0,0.0,0.0,3.5369947,0.0,0.0,0.0,0.0,0.0,0.0,0.0,0.0,0.0,0.0,0.0,0.0,0.0,0.0,0.0,0.0,1.956867,4.3211737,0.07552058,0.0,0.0,0.0,0.0,0.028967332,0.0,0.0,0.0,0.0,0.0,0.0,0.0,0.0,0.0,0.0,0.0,0.0,0.0,0.0
289,BRACS_1409_UDH_7,1,0.0,0.0,0.0,0.0,0.0,0.0,0.0,0.0,0.0,0.7227142,0.0,0.53130627,0.0,0.0,0.0,0.0,0.010098621,0.0,0.0,0.0,0.0,0.0,0.0,0.0,0.0,0.26256222,0.0,0.0,0.0,0.0,0.0,0.0,0.0,0.0,0.0,0.0,0.0,0.0,0.0,0.0,0.0,0.07333305,0.024707437,0.37665242,0.07049642,0.0,0.0,0.0,0.0,0.008342535,0.0,0.0,0.0,0.0,0.0,0.0,0.0,0.6886155,0.0,0.0,0.0,0.0,0.0,0.0
290,BRACS_1496_UDH_18,1,0.0,0.0,0.0,0.0,0.0,0.0,0.0,0.0,0.0,0.0,0.0,0.0,0.0,0.0,0.0,0.0,0.8030979,0.0,0.0,0.0,0.0,0.0020419424,0.0,0.0,0.0,4.256132,0.0,0.0,0.0,0.0,0.0,0.0,0.0,0.0,0.0,0.0,0.0,0.0,0.0,0.0,0.0,0.0,2.4709008,5.178891,0.052527945,0.0,0.0,0.0,0.0,0.02754324,0.0,0.0,0.0,0.0,0.0,0.0,0.0,0.0,0.0,0.0,0.0,0.0,0.0,0.0
291,BRACS_1494_UDH_40,1,0.0,0.0,0.0,0.0,0.0,0.0,0.0,0.0,0.0,0.0,0.0,0.0,0.0,0.0,0.0,0.0,1.1895761,0.0,0.0,0.0,0.0,0.0052333535,0.0,0.0,0.0,6.8418984,0.0,0.0,0.0,0.0,0.0,0.0,0.0,0.0,0.0,0.0,0.0,0.0,0.0,0.0,0.0,0.0,3.9585817,8.278854,0.06332597,0.0,0.0,0.0,0.0,0.04571307,0.0,0.0,0.0,0.0,0.0,0.0,0.0,0.0,0.0,0.0,0.0,0.0,0.0,0.0
292,BRACS_1494_UDH_55,1,0.0,0.0,0.0,0.0,0.0,0.0,0.0,0.0,0.0,0.0,0.0,0.0,0.0,0.0,0.0,0.0,0.7562159,0.0,0.0,0.0,0.0,0.0,0.0,0.0,0.0,4.0326624,0.0,0.0,0.0,0.0,0.0,0.0,0.0,0.0,0.0,0.0,0.0,0.0,0.0,0.0,0.0,0.0,2.3339195,4.9577446,0.05417815,0.0,0.0,0.0,0.0,0.026324796,0.0,0.0,0.0,0.0,0.0,0.0,0.0,0.0,0.0,0.0,0.0,0.0,0.0,0.0
293,BRACS_1235_UDH_28,1,0.0,0.0,0.0,0.0,0.0,0.0,0.0,0.0,0.0,0.0,0.0,0.0,0.0,0.0,0.0,0.0,1.7379502,0.0,0.0,0.0,0.0,0.0085252905,0.0,0.0,0.0,10.544236,0.0,0.0,0.0,0.0,0.0,0.0,0.0,0.0,0.0,0.0,0.0,0.0,0.0,0.0,0.0,0.0,6.101014,12.771713,0.08059591,0.0,0.0,0.060131878,0.0,0.07196804,0.0,0.0,0.0,0.0,0.0,0.0,0.0,0.0,0.0,0.0,0.0,0.0,0.0,0.0
294,BRACS_1238_UDH_5,1,0.0,0.0,0.0,0.0,0.0,0.0,0.0,0.0,0.0,0.0,0.0,0.0,0.0,0.0,0.0,0.0,0.41151786,0.0,0.0,0.0,0.0,0.0,0.0,0.0,0.0,1.673551,0.0,0.0,0.0,0.0,0.0,0.0,0.0,0.0,0.0,0.0,0.0,0.0,0.0,0.0,0.0,0.0,0.9888973,2.0953722,0.04421842,0.0,0.0,0.0,0.0,0.009958352,0.0,0.0,0.0,0.0,0.0,0.0,0.0,0.0,0.0,0.0,0.0,0.0,0.0,0.0
295,BRACS_1409_UDH_10,1,0.0,0.0,0.0,0.0,0.0,0.0,0.0,0.0,0.0,0.0,0.0,0.0,0.0,0.0,0.0,0.0,0.6355433,0.0,0.0,0.0,0.0,0.004430757,0.0,0.0,0.0,3.5345278,0.0,0.0,0.0,0.0,0.0,0.0,0.0,0.0,0.0,0.0,0.0,0.0,0.0,0.0,0.0,0.0,1.9763964,4.2517376,0.057302512,0.0,0.0,0.0,0.0,0.025057105,0.0,0.0,0.0,0.0,0.0,0.0,0.0,0.0,0.0,0.0,0.0,0.0,0.0,0.0
296,BRACS_1409_UDH_8,1,0.0,0.0,0.0,0.0,0.0,0.0,0.0,0.0,0.0,0.45808318,0.0,0.36447847,0.0,0.0,0.0,0.0,0.06435649,0.0,0.0,0.0,0.0,0.0,0.0,0.0,0.0,0.31363156,0.0,0.0,0.0,0.0,0.0,0.0,0.0,0.0,0.0,0.0,0.0,0.0,0.0,0.0,0.0,0.06069215,0.08083993,0.4194495,0.056578584,0.0,0.0,0.0,0.0,0.005354882,0.0,0.0,0.0,0.0,0.0,0.0,0.0,0.4340721,0.0,0.0,0.0,0.0,0.0,0.0
297,BRACS_1238_UDH_11,1,0.0,0.0,0.0,0.0,0.0,0.0,0.0,0.0,0.0,0.0,0.0,0.0,0.0,0.0,0.0,0.0,1.0231844,0.0,0.0,0.0,0.0,0.0060271276,0.0,0.0,0.0,5.810991,0.0,0.0,0.0,0.0,0.0,0.0,0.0,0.0,0.0,0.0,0.0,0.0,0.0,0.0,0.0,0.0,3.3422072,6.989215,0.05927647,0.0,0.0,0.0,0.0,0.03891917,0.0,0.0,0.0,0.0,0.0,0.0,0.0,0.0,0.0,0.0,0.0,0.0,0.0,0.0
298,BRACS_1272_UDH_39,1,0.0,0.0,0.0,0.0,0.0,0.0,0.0,0.0,0.0,1.3364058,0.0,0.9651338,0.0,0.0,0.0,0.0,0.0,0.0,0.0,0.0,0.0,0.0,0.0,0.0,0.0,0.0,0.0,0.0,0.0,0.0,0.0,0.0,0.0,0.0,0.0,0.0,0.0,0.0,0.0,0.0,0.0,0.11303542,0.0,0.0,0.09315754,0.0,0.0,0.0,0.0,0.0122173615,0.0,0.0,0.0,0.0,0.0,0.0,0.0,1.2853794,0.0,0.0,0.0,0.0,0.0,0.0
299,BRACS_1496_UDH_24,1,0.0,0.0,0.0,0.0,0.0,0.0,0.0,0.0,0.0,0.0,0.0,0.0,0.0,0.0,0.0,0.0,0.81308454,0.0,0.0,0.0,0.0,0.008973429,0.0,0.0,0.0,4.7522063,0.0,0.0,0.0,0.0,0.0,0.0,0.0,0.0,0.0,0.0,0.0,0.0,0.0,0.0,0.0,0.0,2.6109748,5.7099533,0.06170834,0.0,0.0,0.015781865,0.0,0.03371405,0.0,0.0,0.0,0.0,0.0,0.0,0.0,0.0,0.0,0.0,0.0,0.0,0.0,0.0
